회차,번호1,번호2,번호3,번호4,번호5,번호6,보너스,1등 당첨금,1등 당첨수,2등 당첨금,2등 당첨수
1212,5,8,25,31,41,44,45,"2,654,089,032",12,"67,192,128",79
1211,23,26,27,35,38,40,10,"2,370,956,036",14,"64,328,265",86
1210,1,7,9,17,27,38,31,"1,102,298,407",24,"28,818,259",153
1209,2,17,20,35,37,39,24,"1,371,910,466",22,"68,908,745",73
1208,6,27,30,36,38,42,25,"5,001,713,625",6,"73,554,613",68
1207,10,22,24,27,38,45,11,"1,733,202,949",17,"57,101,648",86
1206,1,3,17,26,27,42,23,"1,868,807,000",15,"63,135,372",74
1205,1,4,16,23,31,41,2,"3,226,386,263",10,"55,436,191",97
1204,8,16,28,30,31,44,27,"1,661,007,688",18,"52,452,875",95
1203,3,6,18,29,35,39,24,"1,368,060,733",21,"40,578,073",118
1202,5,12,21,33,37,40,7,"1,920,410,813",14,"41,109,712",109
1201,7,9,24,27,35,36,37,"1,414,555,718",19,"53,326,506",84
1200,1,2,4,16,20,32,45,"2,357,299,875",12,"58,932,497",80
1199,16,24,25,30,31,32,7,"1,695,609,839",17,"64,056,372",75
1198,26,30,33,38,39,41,21,"2,953,686,638",10,"63,112,963",78
1197,1,5,7,26,28,43,30,"2,205,089,827",13,"64,563,441",74
1196,8,12,15,29,40,45,14,"2,001,627,550",15,"53,234,776",94
1195,3,15,27,33,34,36,37,"2,939,186,738",10,"56,960,984",86
1194,3,13,15,24,33,37,2,"985,155,349",28,"46,438,300",99
1193,6,9,16,19,24,28,17,"1,717,013,508",16,"54,508,366",84
1192,10,16,23,36,39,40,11,"1,079,546,587",29,"54,924,300",95
1191,1,4,11,12,20,41,2,"1,536,334,355",18,"34,916,690",132
1190,7,9,19,23,26,45,33,"4,622,793,813",6,"40,909,680",113
1189,9,19,29,35,37,38,31,"2,263,651,299",13,"29,368,730",167
1188,3,4,12,19,22,27,9,"1,074,625,172",24,"38,725,232",111
1187,5,13,26,29,37,40,42,"2,619,380,012",11,"60,787,300",79
1186,2,8,13,16,23,28,35,"1,985,676,911",14,"52,058,946",89
1185,6,17,22,28,29,32,38,"2,388,695,125",12,"60,473,295",79
1184,14,16,23,25,31,37,42,"1,910,655,600",15,"50,280,411",95
1183,4,15,17,23,27,36,31,"2,073,966,000",13,"48,843,403",92
1182,1,13,21,25,28,31,22,"2,124,785,424",13,"58,274,706",79
1181,8,10,14,20,33,41,28,"1,593,643,500",17,"52,503,759",86
1180,6,12,18,37,40,41,3,"2,535,566,421",11,"64,563,034",72
1179,3,16,18,24,40,44,21,"2,162,821,097",13,"74,382,737",63
1178,5,6,11,27,43,44,17,"2,391,608,407",12,"53,744,010",89
1177,3,7,15,16,19,43,21,"4,576,672,000",6,"61,022,294",75
1176,7,9,11,21,30,35,29,"2,052,166,154",13,"49,959,102",89
1175,3,4,6,8,32,42,31,"1,384,026,094",20,"50,145,873",92
1174,8,11,14,17,36,39,22,"1,910,619,425",15,"56,194,689",85
1173,1,5,18,20,30,35,3,"1,179,946,063",24,"50,210,471",94
1172,7,9,24,40,42,44,45,"2,203,004,452",13,"48,705,881",98
1171,3,6,7,11,12,17,19,"1,128,345,286",21,"26,683,842",148
1170,3,13,28,34,38,42,25,"1,386,550,969",20,"44,872,200",103
1169,5,12,24,26,39,42,20,"2,852,735,813",10,"42,451,426",112
1168,9,21,24,30,33,37,29,"2,136,635,914",13,"62,559,160",74
1167,8,23,31,35,39,40,24,"2,884,087,913",10,"69,663,960",69
1166,14,23,25,27,29,42,16,"2,072,319,938",14,"60,442,665",80
1165,6,7,27,29,38,45,17,"2,192,485,270",13,"52,202,031",91
1164,17,18,23,25,38,39,22,"2,193,092,164",13,"62,522,365",76
1163,2,13,15,16,33,43,4,"1,936,891,150",15,"64,563,039",75
1162,20,21,22,25,28,29,6,"823,931,021",36,"63,379,310",78
1161,2,12,20,24,34,42,37,"1,792,657,969",16,"40,858,302",117
1160,7,13,18,36,39,45,19,"2,509,359,875",12,"59,746,664",84
1159,3,9,27,28,38,39,7,"1,284,854,250",23,"44,775,224",110
1158,21,25,27,32,37,38,20,"1,394,358,197",21,"56,747,136",86
1157,5,7,12,20,25,26,28,"2,257,842,157",12,"32,026,130",141
1156,30,31,34,39,41,45,7,"1,505,207,090",21,"72,167,464",73
1155,10,16,19,27,37,38,13,"4,066,375,179",7,"60,821,851",78
1154,4,8,22,26,32,38,27,"1,854,965,425",15,"74,796,993",62
1153,1,9,10,13,35,44,5,"2,027,312,925",15,"64,155,473",79
1152,30,31,32,35,36,37,5,"874,349,668",35,"64,561,685",79
1151,2,3,9,15,27,29,8,"1,620,503,030",17,"45,013,974",102
1150,8,9,18,35,39,45,25,"1,570,620,309",17,"19,690,668",226
1149,8,15,19,21,32,36,38,"1,613,380,765",17,"61,773,588",74
1148,3,6,13,15,16,22,32,"2,073,332,308",13,"46,311,547",97
1147,7,11,24,26,27,37,32,"3,323,422,079",8,"53,388,307",83
1146,6,11,17,19,40,43,28,"2,526,476,353",11,"64,331,574",72
1145,2,11,31,33,37,44,32,"3,051,630,084",9,"72,657,860",63
1144,3,4,12,15,26,34,6,"1,489,347,375",18,"47,532,364",94
1143,10,16,17,27,28,36,6,"2,545,657,023",11,"51,855,977",90
1142,2,8,28,30,37,41,22,"3,117,517,709",9,"69,795,173",67
1141,7,11,12,21,26,35,20,"2,457,758,285",11,"45,058,902",100
1140,7,10,22,29,31,38,15,"2,279,823,938",12,"54,935,517",83
1139,5,12,15,30,37,40,18,"2,167,490,972",13,"62,616,406",75
1138,14,16,19,20,29,34,35,"1,902,656,786",14,"88,790,650",50
1137,4,9,12,15,33,45,26,"2,023,447,688",14,"42,534,937",111
1136,21,33,35,38,42,44,1,"2,314,468,157",12,"61,719,151",75
1135,1,6,13,19,21,33,4,"2,953,726,125",9,"48,687,794",91
1134,3,7,9,13,19,24,23,"1,755,689,384",14,"42,233,078",97
1133,13,14,20,28,29,34,23,"2,105,079,491",13,"62,479,529",73
1132,6,7,19,28,34,41,5,"2,404,951,807",11,"60,398,334",73
1131,1,2,6,14,27,38,33,"1,542,367,898",17,"78,036,471",56
1130,15,19,21,25,27,28,40,"2,263,301,219",12,"65,602,934",69
1129,5,10,11,17,28,34,22,"2,369,567,660",11,"40,600,069",107
1128,1,5,8,16,28,33,45,"419,925,560",63,"57,262,577",77
1127,10,15,24,30,31,37,32,"2,267,891,969",12,"53,997,428",84
1126,4,5,9,11,37,40,7,"2,386,382,421",11,"48,077,302",91
1125,6,14,25,33,40,44,30,"2,195,289,188",12,"56,289,467",78
1124,3,8,17,30,33,34,28,"2,623,327,913",10,"50,255,324",87
1123,13,19,21,24,34,35,26,"1,731,310,711",16,"59,958,813",77
1122,3,6,21,30,34,35,22,"2,556,266,046",11,"47,338,261",99
1121,6,24,31,32,38,44,8,"2,524,513,262",11,"60,898,347",76
1120,2,19,26,31,38,41,34,"2,522,163,375",11,"50,812,816",91
1119,1,9,12,13,20,45,3,"1,396,028,764",19,"45,574,823",97
1118,11,13,14,15,16,45,3,"1,477,445,132",19,"64,980,226",72
1117,3,4,9,30,33,36,7,"3,028,385,542",9,"48,325,302",94
1116,15,16,17,25,30,31,32,"2,695,000,238",10,"39,400,589",114
1115,7,12,23,32,34,36,8,"2,257,278,282",12,"75,242,610",60
1114,10,16,19,32,33,38,3,"1,583,813,824",17,"50,994,006",88
1113,11,13,20,21,32,44,8,"1,987,426,822",14,"81,356,654",57
1112,16,20,26,36,42,44,24,"2,804,455,650",10,"79,221,912",59
1111,3,13,30,33,43,45,4,"1,714,662,540",16,"47,138,490",97
1110,3,7,11,20,22,41,24,"1,647,392,719",16,"37,229,214",118
1109,10,12,13,19,33,40,2,"1,584,352,875",17,"53,440,474",84
1108,7,19,26,37,39,44,27,"1,957,990,849",14,"47,590,056",96
1107,6,14,30,31,40,41,29,"2,025,625,233",14,"57,639,743",82
1106,1,3,4,29,42,45,36,"2,790,462,819",11,"76,355,948",67
1105,6,16,34,37,39,40,11,"1,834,853,800",15,"55,266,681",83
1104,1,7,21,30,35,38,2,"1,817,193,100",15,"59,776,089",76
1103,10,12,29,31,40,44,2,"1,574,419,633",17,"58,695,469",76
1102,13,14,22,26,37,38,20,"1,383,591,413",20,"73,205,895",63
1101,6,7,13,28,36,42,41,"2,100,529,500",13,"60,681,964",75
1100,17,26,29,30,31,43,12,"2,207,575,472",13,"59,050,373",81
1099,3,20,28,38,40,43,4,"2,959,934,125",9,"62,533,820",71
1098,12,16,21,24,41,43,15,"1,930,461,895",13,"61,509,816",68
1097,14,33,34,35,37,40,4,"3,864,293,090",7,"67,288,686",67
1096,1,12,16,19,23,43,34,"2,539,391,175",10,"49,791,984",85
1095,8,14,28,29,34,40,12,"2,617,825,575",10,"76,544,608",57
1094,6,7,15,22,26,40,41,"2,112,854,469",12,"48,571,368",87
1093,10,17,22,30,35,43,44,"1,967,040,750",13,"65,568,025",65
1092,7,18,19,26,33,45,37,"1,583,289,844",16,"50,263,170",84
1091,6,20,23,24,28,30,44,"2,898,470,459",9,"66,887,780",65
1090,12,19,21,29,40,45,1,"2,386,494,614",11,"49,718,638",88
1089,4,18,31,37,42,43,40,"2,978,522,167",9,"56,554,219",79
1088,11,21,22,30,39,44,31,"2,434,697,898",11,"47,485,243",94
1087,13,14,18,21,34,44,16,"1,732,253,602",16,"65,061,169",71
1086,11,16,25,27,35,36,37,"1,515,913,809",17,"64,105,808",67
1085,4,7,17,18,38,44,36,"1,073,277,473",23,"51,427,879",80
1084,8,12,13,29,33,42,5,"1,738,764,600",15,"40,625,342",107
1083,3,7,14,15,22,38,17,"1,713,084,525",15,"59,482,102",72
1082,21,26,27,32,34,42,31,"3,720,489,643",7,"70,009,214",62
1081,1,9,16,23,24,38,17,"2,343,892,944",11,"46,708,012",92
1080,13,16,23,31,36,44,38,"3,639,444,429",7,"51,780,714",82
1079,4,8,18,24,37,45,6,"2,712,329,417",9,"47,864,637",85
1078,6,10,11,14,36,38,43,"2,141,604,938",12,"55,626,103",77
1077,4,8,17,30,40,43,34,"3,570,901,018",7,"42,510,727",98
1076,3,7,9,33,36,37,10,"2,672,689,750",9,"46,616,682",86
1075,1,23,24,35,44,45,10,"2,896,337,167",9,"27,153,161",160
1074,1,6,20,27,28,41,15,"2,134,763,657",12,"54,737,530",78
1073,6,18,28,30,32,38,15,"2,345,227,603",11,"69,348,129",62
1072,16,18,20,23,32,43,27,"2,175,006,375",12,"46,774,331",93
1071,1,2,11,21,30,35,39,"5,183,979,750",5,"52,047,990",83
1070,3,6,14,22,30,41,36,"1,859,116,929",14,"68,856,183",63
1069,1,10,18,22,28,31,44,"1,863,217,554",14,"55,031,743",79
1068,4,7,19,26,33,35,3,"1,363,929,514",19,"49,644,944",87
1067,7,10,19,23,28,33,18,"1,981,114,010",13,"52,346,509",82
1066,6,11,16,19,21,32,45,"1,670,947,250",15,"47,470,093",88
1065,3,18,19,23,32,45,24,"1,852,593,938",14,"58,415,125",74
1064,3,6,9,18,22,35,14,"1,348,168,106",19,"68,858,049",62
1063,3,6,22,23,24,38,30,"3,770,311,875",7,"79,976,313",55
1062,20,31,32,40,41,45,12,"3,801,933,804",7,"65,229,257",68
1061,4,24,27,35,37,45,15,"2,422,768,773",11,"44,866,089",99
1060,3,10,24,33,38,45,36,"898,238,907",28,"43,664,392",96
1059,7,10,22,25,34,40,27,"2,033,168,481",13,"53,074,680",83
1058,11,23,25,30,32,40,42,"2,058,020,250",13,"74,317,398",60
1057,8,13,19,27,40,45,12,"1,616,069,714",17,"6,895,880",664
1056,13,20,24,32,36,45,29,"1,969,662,456",14,"56,739,248",81
1055,4,7,12,14,22,33,31,"2,362,815,205",11,"47,085,086",92
1054,14,19,27,28,30,45,33,"3,147,925,709",9,"71,543,767",66
1053,22,26,29,30,34,45,15,"4,090,367,411",7,"74,563,990",64
1052,5,17,26,27,35,38,1,"2,341,682,762",11,"39,750,788",108
1051,21,26,30,32,33,35,44,"1,669,558,480",18,"71,552,507",70
1050,6,12,31,35,38,43,17,"1,535,083,280",17,"62,134,324",70
1049,3,5,13,20,21,37,17,"1,727,810,100",15,"48,533,992",89
1048,6,12,17,21,32,39,30,"1,612,494,508",17,"44,791,515",102
1047,2,20,33,40,42,44,32,"2,748,797,875",9,"49,677,071",83
1046,7,16,25,29,35,36,28,"2,011,415,719",12,"70,575,991",57
1045,6,14,15,19,21,41,37,"1,990,060,443",13,"64,355,189",67
1044,12,17,20,26,28,36,4,"3,136,941,235",8,"58,091,505",72
1043,3,5,12,22,26,31,19,"1,468,646,956",17,"48,385,656",86
1042,5,14,15,23,34,43,4,"1,240,663,669",20,"41,355,456",100
1041,6,7,9,11,17,18,45,"935,091,165",25,"45,837,803",85
1040,8,16,26,29,31,36,11,"3,660,482,625",7,"67,786,716",63
1039,2,3,6,19,36,39,26,"1,585,019,672",16,"52,833,990",80
1038,7,16,24,27,37,44,2,"1,627,457,225",15,"52,839,521",77
1037,2,14,15,22,27,33,31,"1,708,576,825",15,"54,762,078",78
1036,2,5,22,32,34,45,39,"2,837,323,167",9,"66,499,762",64
1035,9,14,34,35,41,42,2,"3,231,193,735",8,"60,679,695",71
1034,26,31,32,33,38,40,11,"2,868,856,209",9,"65,201,278",66
1033,3,11,15,20,35,44,10,"1,913,414,943",13,"52,477,625",79
1032,1,6,12,19,36,42,28,"2,675,257,538",10,"49,541,807",90
1031,6,7,22,32,35,36,19,"3,213,957,563",8,"66,957,450",64
1030,2,5,11,17,24,29,9,"1,276,406,507",19,"38,864,942",104
1029,12,30,32,37,39,41,24,"2,527,848,450",10,"67,952,916",62
1028,5,7,12,13,18,35,23,"1,181,235,132",20,"43,268,687",91
1027,14,16,27,35,39,45,5,"2,460,504,338",10,"49,407,718",83
1026,5,12,13,31,32,41,34,"1,619,118,475",15,"53,260,477",76
1025,8,9,20,25,29,33,7,"6,118,853,344",4,"59,119,356",69
1024,9,18,20,22,38,44,10,"3,020,323,500",8,"63,922,191",63
1023,10,14,16,18,29,35,25,"2,745,677,875",9,"57,201,623",72
1022,5,6,11,29,42,45,28,"4,866,468,075",5,"64,371,271",63
1021,12,15,17,24,29,45,16,"2,108,962,250",12,"75,320,081",56
1020,12,27,29,38,41,45,6,"1,966,431,520",13,"55,332,489",77
1019,1,4,13,17,34,39,6,"438,565,140",50,"48,729,460",75
1018,3,19,21,25,37,45,35,"12,361,744,688",2,"66,460,993",62
1017,12,18,22,23,30,34,32,"3,517,684,822",7,"58,628,081",70
1016,15,26,28,34,41,42,44,"2,260,660,671",11,"60,949,185",68
1015,14,23,31,33,37,40,44,"3,051,105,610",8,"39,883,734",102
1014,3,11,14,18,26,27,21,"2,410,449,338",10,"58,223,414",69
1013,21,22,26,34,36,41,32,"5,047,570,725",5,"53,244,417",79
1012,5,11,18,20,35,45,3,"1,861,944,318",13,"53,081,746",76
1011,1,9,12,26,35,38,42,"2,220,348,512",11,"53,561,039",76
1010,9,12,15,25,34,36,3,"3,119,380,079",8,"63,017,780",66
1009,15,23,29,34,40,44,20,"1,702,462,825",15,"61,683,436",69
1008,9,11,30,31,41,44,33,"2,267,377,910",11,"42,854,222",97
1007,8,11,16,19,21,25,40,"2,718,786,375",9,"58,259,709",70
1006,8,11,15,16,17,37,36,"2,855,602,125",9,"65,898,511",65
1005,8,13,18,24,27,29,17,"2,061,199,344",12,"49,076,175",84
1004,7,15,30,37,39,44,18,"2,576,251,913",10,"63,143,430",68
1003,1,4,29,39,43,45,31,"1,811,116,822",14,"64,029,383",66
1002,17,25,33,35,38,45,15,"3,088,449,563",8,"48,446,268",85
1001,6,10,12,14,20,42,15,"2,077,279,594",12,"62,947,867",66
1000,2,8,19,22,32,42,39,"1,246,819,620",22,"41,941,945",109
999,1,3,9,14,18,28,34,"1,513,274,790",16,"60,229,843",67
998,13,17,18,20,42,45,41,"2,076,499,657",12,"78,358,478",53
997,4,7,14,16,24,44,20,"1,253,749,560",19,"46,708,317",85
996,6,11,15,24,32,39,28,"1,491,185,771",18,"52,018,109",86
995,1,4,13,29,38,39,7,"3,447,271,875",7,"58,287,206",69
994,1,3,8,24,27,35,28,"1,861,582,063",12,"53,188,059",70
993,6,14,16,18,24,42,44,"3,991,197,063",6,"57,017,101",70
992,12,20,26,33,44,45,24,"1,986,955,563",12,"68,515,710",58
991,13,18,25,31,33,44,38,"2,904,166,032",8,"35,202,013",110
990,2,4,25,26,36,37,28,"1,740,095,277",14,"72,503,970",56
989,17,18,21,27,29,33,26,"5,826,768,563",4,"61,658,927",63
988,2,13,20,30,31,41,27,"2,678,489,375",9,"65,864,493",61
987,2,4,15,23,29,38,7,"2,378,711,625",10,"54,308,485",73
986,7,10,16,28,41,42,40,"2,375,275,125",10,"56,554,170",70
985,17,21,23,30,34,44,19,"2,434,752,975",10,"65,450,349",62
984,3,10,23,35,36,37,18,"3,453,006,268",7,"62,945,427",64
983,13,23,26,31,35,43,15,"2,503,422,225",10,"53,491,928",78
982,5,7,13,20,21,44,33,"3,023,630,672",8,"49,771,699",81
981,27,36,37,41,43,45,32,"1,992,863,193",13,"66,428,774",65
980,3,13,16,23,24,35,14,"3,409,443,215",7,"56,824,054",70
979,7,11,16,21,27,33,24,"1,606,400,518",14,"47,446,429",79
978,1,7,15,32,34,42,8,"2,373,391,388",10,"56,509,319",70
977,2,9,10,14,22,44,16,"1,669,905,911",14,"47,517,648",82
976,4,12,14,25,35,37,2,"3,243,867,215",7,"54,847,997",69
975,7,8,9,17,22,24,5,"2,440,410,375",9,"60,010,092",61
974,1,2,11,16,39,44,32,"1,317,034,523",17,"56,539,361",66
973,22,26,31,37,41,42,24,"2,912,742,750",8,"92,468,024",42
972,3,6,17,23,37,39,26,"1,124,886,244",20,"46,870,261",80
971,2,6,17,18,21,26,7,"3,725,880,250",6,"60,094,843",62
970,9,11,16,21,28,36,5,"1,611,544,045",14,"43,221,488",87
969,3,9,10,29,40,45,7,"1,149,427,894",20,"68,418,328",56
968,2,5,12,14,24,39,33,"1,667,729,683",13,"37,251,694",97
967,1,6,13,37,38,40,9,"5,809,776,094",4,"56,133,103",69
966,1,21,25,29,34,37,36,"2,411,303,513",10,"80,376,784",50
965,2,13,25,28,29,36,34,"3,403,348,929",7,"86,316,821",46
964,6,21,36,38,39,43,30,"2,345,861,063",10,"75,187,855",52
963,6,12,19,23,34,42,35,"1,476,478,125",15,"54,282,285",68
962,1,18,28,31,34,43,40,"1,940,906,094",12,"53,175,510",73
961,11,20,29,31,33,42,43,"2,575,231,209",9,"52,915,710",73
960,2,18,24,30,32,45,14,"2,401,133,213",10,"71,462,298",56
959,1,14,15,24,40,41,35,"3,015,312,891",8,"53,605,563",75
958,2,9,10,16,35,37,1,"1,596,119,675",15,"59,556,705",67
957,4,15,24,35,36,40,1,"2,126,634,137",11,"63,915,234",61
956,10,11,20,21,25,41,40,"2,022,982,671",11,"27,270,600",136
955,4,9,23,26,29,33,8,"2,023,170,188",12,"56,990,710",71
954,1,9,26,28,30,41,32,"2,478,795,900",10,"64,551,977",64
953,7,9,22,27,37,42,34,"1,640,636,009",14,"37,530,890",102
952,4,12,22,24,33,41,38,"2,713,699,834",9,"43,769,353",93
951,2,12,30,31,39,43,38,"1,747,552,661",14,"56,633,652",72
950,3,4,15,22,28,40,10,"3,281,920,500",8,"65,311,851",67
949,14,21,35,36,40,44,30,"2,458,569,713",10,"63,040,250",65
948,13,18,30,31,38,41,5,"2,188,548,716",11,"44,581,548",90
947,3,8,17,20,27,35,26,"1,275,855,750",18,"65,992,539",58
946,9,18,19,30,34,40,20,"2,157,656,182",11,"55,714,127",71
945,9,10,15,30,33,37,26,"1,765,554,491",13,"53,878,424",71
944,2,13,16,19,32,33,42,"1,961,836,356",13,"53,805,639",79
943,1,8,13,36,44,45,39,"3,435,045,108",7,"54,156,117",74
942,10,12,18,35,42,43,39,"3,761,680,313",6,"72,340,007",52
941,12,14,25,27,39,40,35,"1,347,297,422",16,"41,296,473",87
940,3,15,20,22,24,41,11,"2,846,071,079",8,"74,407,088",51
939,4,11,28,39,42,45,6,"1,708,363,039",13,"55,245,571",67
938,4,8,10,16,31,36,9,"2,249,466,563",10,"58,579,859",64
937,2,10,13,22,29,40,26,"2,058,420,819",11,"66,206,518",57
936,7,11,13,17,18,29,43,"1,492,069,179",14,"45,214,218",77
935,4,10,20,32,38,44,18,"1,711,055,424",13,"30,894,057",120
934,1,3,30,33,36,39,12,"5,765,772,844",4,"58,240,130",66
933,23,27,29,31,36,45,37,"2,927,797,079",8,"61,963,960",63
932,1,6,15,36,37,38,5,"3,390,022,983",7,"61,797,294",64
931,14,15,23,25,35,43,32,"2,957,108,063",8,"73,015,014",54
930,8,21,25,38,39,44,28,"2,832,418,829",8,"68,664,699",55
929,7,9,12,15,19,23,4,"1,308,035,157",16,"38,330,701",91
928,3,4,10,20,28,44,30,"3,134,591,358",7,"45,148,436",81
927,4,15,22,38,41,43,26,"3,714,203,875",6,"58,955,618",63
926,10,16,18,20,25,31,6,"2,032,490,663",10,"47,048,395",72
925,13,24,32,34,39,42,4,"1,771,080,532",12,"52,090,604",68
924,3,11,34,42,43,44,13,"2,382,430,667",9,"51,791,972",69
923,3,17,18,23,36,41,26,"2,667,554,625",8,"63,513,206",56
922,2,6,13,17,27,43,36,"3,417,904,500",6,"38,403,422",89
921,5,7,12,22,28,41,1,"1,232,573,405",17,"48,504,047",72
920,2,3,26,33,34,43,29,"3,120,260,197",7,"68,684,973",53
919,9,14,17,18,42,44,35,"4,305,150,450",5,"64,064,739",56
918,7,11,12,31,33,38,5,"1,117,622,646",18,"38,986,837",86
917,1,3,23,24,27,43,34,"2,144,799,638",10,"76,056,725",47
916,6,21,22,32,35,36,17,"2,025,384,341",11,"53,045,781",70
915,2,6,11,13,22,37,14,"3,518,640,500",6,"55,851,437",63
914,16,19,24,33,42,44,27,"1,950,005,557",11,"65,000,186",55
913,6,14,16,21,27,37,40,"1,338,755,602",16,"54,091,136",66
912,5,8,18,21,22,38,10,"1,493,500,581",14,"49,783,353",70
911,4,5,12,14,32,42,35,"2,113,538,625",10,"60,733,869",58
910,1,11,17,27,35,39,31,"941,316,375",21,"45,758,435",72
909,7,24,29,30,34,35,33,"2,021,062,875",11,"58,814,000",63
908,3,16,21,22,23,44,30,"2,834,856,141",8,"66,312,425",57
907,21,27,29,38,40,44,37,"3,165,059,036",7,"55,112,969",67
906,2,5,14,28,31,32,20,"2,472,607,250",9,"58,871,602",63
905,3,4,16,27,38,40,20,"3,017,862,536",7,"45,725,190",77
904,2,6,8,26,43,45,11,"2,718,077,813",8,"39,392,433",92
903,2,15,16,21,22,28,45,"1,684,582,212",13,"74,488,330",49
902,7,19,23,24,36,39,30,"1,619,317,529",13,"52,365,990",67
901,5,18,20,23,30,34,21,"2,267,974,667",9,"50,775,553",67
900,7,13,16,18,35,38,14,"3,349,851,375",6,"65,683,361",51
899,8,19,20,21,33,39,37,"3,359,356,063",6,"63,384,077",53
898,18,21,28,35,37,42,17,"2,639,313,235",8,"62,840,792",56
897,6,7,12,22,26,36,29,"1,619,922,520",13,"56,610,196",62
896,5,12,25,26,38,45,23,"3,053,222,036",7,"77,436,791",46
895,16,26,31,38,39,41,23,"1,928,079,219",12,"66,485,491",58
894,19,32,37,40,41,43,45,"2,377,935,959",9,"63,694,714",56
893,1,15,17,23,25,41,10,"2,377,433,625",9,"61,485,353",58
892,4,9,17,18,26,42,36,"1,282,017,464",17,"46,569,011",78
891,9,13,28,31,39,41,19,"3,082,673,947",7,"46,707,182",77
890,1,4,14,18,29,37,6,"2,335,486,167",9,"60,400,505",58
889,3,13,29,38,39,42,26,"2,108,986,950",10,"58,582,971",60
888,3,7,12,31,34,38,32,"2,370,359,204",8,"53,567,440",59
887,8,14,17,27,36,45,10,"2,535,268,688",8,"51,217,550",66
886,19,23,28,37,42,45,2,"2,974,643,786",7,"58,820,640",59
885,1,3,24,27,39,45,31,"1,543,832,568",13,"59,731,618",56
884,4,14,23,28,37,45,17,"1,799,077,282",12,"48,623,711",74
883,9,18,32,33,37,44,22,"1,360,519,525",15,"52,327,675",65
882,18,34,39,43,44,45,23,"4,127,270,400",5,"78,168,000",44
881,4,18,20,26,27,32,9,"2,503,212,282",8,"49,815,170",67
880,7,17,19,23,24,45,38,"2,837,810,465",7,"63,668,825",52
879,1,4,10,14,15,35,20,"3,206,361,313",6,"41,641,057",77
878,2,6,11,16,25,31,3,"3,207,993,500",6,"46,492,660",69
877,5,17,18,22,23,43,12,"1,716,607,188",12,"45,776,192",75
876,5,16,21,26,34,42,24,"1,090,657,856",19,"58,538,134",59
875,19,22,30,34,39,44,36,"1,415,946,724",14,"100,117,446",33
874,1,15,19,23,28,42,32,"1,117,123,917",18,"49,284,879",68
873,3,5,12,13,33,39,38,"1,874,553,225",10,"45,944,932",68
872,2,4,30,32,33,43,29,"1,262,705,579",16,"73,200,324",46
871,2,6,12,26,30,34,38,"2,718,071,358",7,"51,984,972",61
870,21,25,30,32,40,42,31,"1,928,842,988",10,"66,973,715",48
869,2,6,20,27,37,39,4,"1,922,582,588",10,"57,219,720",56
868,12,17,28,41,43,44,25,"3,233,804,250",6,"53,013,185",61
867,14,17,19,22,24,40,41,"3,933,755,250",5,"57,511,042",57
866,9,15,29,34,37,39,12,"2,240,409,000",9,"49,420,787",68
865,3,15,22,32,33,45,2,"1,551,729,145",13,"64,655,382",52
864,3,7,10,13,25,36,32,"1,716,553,637",11,"49,172,110",64
863,16,21,28,35,39,43,12,"2,853,357,322",7,"52,014,327",64
862,10,34,38,40,42,43,32,"2,190,922,709",9,"52,164,827",63
861,11,17,19,21,22,25,24,"4,872,108,844",4,"49,970,348",65
860,4,8,18,25,27,32,42,"1,879,899,825",10,"50,534,942",62
859,8,22,35,38,39,41,24,"1,853,927,489",11,"66,644,453",51
858,9,13,32,38,39,43,23,"2,202,347,459",9,"80,573,688",41
857,6,10,16,28,34,38,43,"1,284,915,425",15,"51,811,106",62
856,10,24,40,41,43,44,17,"3,977,927,550",5,"62,546,031",53
855,8,15,17,19,43,44,7,"2,269,510,500",9,"55,807,636",61
854,20,25,31,32,36,43,3,"3,421,706,750",6,"77,766,063",44
853,2,8,23,26,27,44,13,"2,885,006,786",7,"37,398,237",90
852,11,17,28,30,33,35,9,"4,801,543,407",4,"47,776,552",67
851,14,18,22,26,31,44,40,"2,483,692,313",8,"47,308,425",70
850,16,20,24,28,36,39,5,"3,377,587,875",6,"61,410,689",55
849,5,13,17,29,34,39,3,"1,158,252,883",17,"58,602,081",56
848,1,2,16,22,38,39,34,"3,011,580,858",7,"83,655,024",42
847,12,16,26,28,30,42,22,"2,520,846,657",8,"84,028,222",40
846,5,18,30,41,43,45,13,"1,596,884,395",13,"50,143,713",69
845,1,16,29,33,40,45,6,"1,891,217,182",11,"61,914,849",56
844,7,8,13,15,33,45,18,"1,162,963,542",18,"47,793,023",73
843,19,21,30,33,34,42,4,"4,012,970,100",5,"64,310,419",52
842,14,26,32,36,39,42,38,"2,035,475,025",10,"80,772,819",42
841,5,11,14,30,33,38,24,"1,116,095,714",17,"35,934,900",88
840,2,4,11,28,29,43,27,"2,042,961,788",10,"66,763,458",51
839,3,9,11,12,13,19,35,"1,359,454,904",13,"61,364,284",48
838,9,14,17,33,36,38,20,"3,813,733,050",5,"46,736,925",68
837,2,25,28,30,33,45,6,"3,144,449,125",6,"66,903,173",47
836,1,9,11,14,26,28,19,"1,257,843,670",14,"47,338,203",62
835,9,10,13,28,38,45,35,"1,233,681,125",15,"53,175,911",58
834,6,8,18,35,42,43,3,"1,690,693,671",11,"65,949,044",47
833,12,18,30,39,41,42,19,"2,356,317,282",8,"59,278,423",53
832,13,14,19,26,40,43,30,"2,088,204,584",9,"52,205,115",60
831,3,10,16,19,31,39,9,"1,110,702,258",16,"48,555,290",61
830,5,6,16,18,37,38,17,"2,060,528,750",9,"38,634,915",80
829,4,5,31,35,43,45,29,"2,444,650,641",8,"72,434,094",45
828,4,7,13,29,31,39,18,"1,455,185,972",13,"50,853,274",62
827,5,11,12,29,33,44,14,"1,206,500,375",15,"65,570,673",46
826,13,16,24,25,33,36,42,"2,075,192,084",9,"66,229,535",47
825,8,15,21,31,33,38,42,"1,658,710,563",12,"62,592,852",53
824,7,9,24,29,34,38,26,"1,256,646,550",15,"61,600,322",51
823,12,18,24,26,39,40,15,"2,009,843,917",9,"49,422,392",61
822,9,18,20,24,27,36,12,"5,930,898,625",3,"37,537,334",79
821,1,12,13,24,29,44,16,"1,316,155,956",14,"55,836,920",55
820,10,21,22,30,35,42,6,"4,627,313,532",4,"51,414,595",60
819,16,25,33,38,40,45,15,"2,594,534,840",7,"61,774,640",49
818,14,15,25,28,29,30,3,"1,380,804,318",13,"76,711,351",39
817,3,9,12,13,25,43,34,"1,868,477,334",9,"51,902,149",54
816,12,18,19,29,31,39,7,"2,128,107,938",8,"42,350,407",67
815,17,21,25,26,27,36,4,"2,579,855,358",7,"77,175,161",39
814,2,21,28,38,42,45,30,"3,067,192,063",6,"58,984,463",52
813,11,30,34,35,42,44,27,"4,591,763,157",4,"71,190,127",43
812,1,3,12,14,16,43,10,"2,947,954,750",6,"43,352,276",68
811,8,11,19,21,36,45,25,"2,524,148,197",7,"60,098,767",49
810,5,10,13,21,39,43,11,"2,231,598,047",8,"46,491,626",64
809,6,11,15,17,23,40,39,"2,921,372,750",6,"52,167,371",56
808,15,21,31,32,41,43,24,"3,087,620,500",6,"67,122,185",46
807,6,10,18,25,34,35,33,"2,437,662,322",7,"48,202,363",59
806,14,20,23,31,37,38,27,"2,640,760,875",7,"54,050,662",57
805,3,12,13,18,31,32,42,"4,266,061,969",4,"53,661,157",53
804,1,10,13,26,32,36,9,"1,631,996,523",11,"61,061,095",49
803,5,9,14,26,30,43,2,"3,663,810,225",5,"61,063,504",50
802,10,11,12,18,24,42,27,"1,082,947,993",16,"43,102,408",67
801,17,25,28,37,43,44,2,"2,256,786,657",8,"59,000,959",51
800,1,4,10,12,28,45,26,"1,632,246,205",11,"58,675,518",51
799,12,17,23,34,42,45,33,"1,826,427,225",10,"54,357,954",56
798,2,10,14,22,32,36,41,"2,710,791,911",7,"52,709,843",60
797,5,22,31,32,39,45,36,"2,397,028,125",8,"94,001,103",34
796,1,21,26,36,40,41,5,"2,763,490,340",7,"70,088,524",46
795,3,10,13,26,34,38,36,"1,714,977,000",11,"50,711,686",62
794,6,7,18,19,30,38,13,"2,650,940,304",7,"68,728,082",45
793,10,15,21,35,38,43,31,"3,750,146,775",5,"51,231,514",61
792,2,7,19,25,29,36,16,"2,655,736,768",7,"47,667,071",65
791,2,10,12,31,33,42,32,"1,253,081,893",14,"76,943,625",38
790,3,8,19,27,30,41,12,"1,160,516,274",16,"52,452,713",59
789,2,6,7,12,19,45,38,"1,140,976,825",15,"40,749,173",70
788,2,10,11,19,35,39,29,"1,401,475,154",13,"43,378,993",70
787,5,6,13,16,27,28,9,"3,092,108,313",6,"60,629,575",51
786,12,15,16,20,24,30,38,"4,551,365,250",4,"31,606,704",96
785,4,6,15,25,26,33,40,"2,886,622,688",6,"52,484,049",55
784,3,10,23,24,31,39,22,"1,908,678,000",9,"56,137,589",51
783,14,15,16,17,38,45,36,"4,603,964,625",4,"85,258,605",36
782,6,18,31,34,38,45,20,"1,946,487,625",9,"59,586,356",49
781,11,16,18,19,24,39,43,"1,882,891,542",9,"54,314,180",52
780,15,17,19,21,27,45,16,"1,667,520,137",11,"67,936,006",45
779,6,12,19,24,34,41,4,"1,527,709,296",11,"42,436,370",66
778,6,21,35,36,37,41,11,"6,264,069,500",3,"46,746,788",67
777,6,12,17,21,34,37,18,"833,468,036",21,"44,199,063",66
776,8,9,18,21,28,40,20,"2,557,579,393",7,"59,676,853",50
775,11,12,29,33,38,42,17,"3,470,437,650",5,"78,163,011",37
774,12,15,18,28,34,42,9,"1,709,721,512",11,"52,241,491",60
773,8,12,19,21,31,35,44,"1,609,403,080",11,"50,871,937",58
772,5,6,11,14,21,41,32,"1,769,608,838",10,"55,648,077",53
771,6,10,17,18,21,29,30,"4,362,644,907",4,"59,355,714",49
770,1,9,12,23,39,43,34,"2,163,099,329",8,"38,455,100",75
769,5,7,11,16,41,45,4,"1,930,760,042",9,"52,657,093",55
768,7,27,29,30,38,44,4,"1,363,572,260",13,"55,743,521",53
767,5,15,20,31,34,42,22,"1,163,768,725",15,"63,248,301",46
766,9,30,34,35,39,41,21,"2,173,637,297",8,"70,687,392",41
765,1,3,8,12,42,43,33,"1,109,214,250",15,"51,352,512",54
764,7,22,24,31,34,36,15,"2,459,975,465",7,"65,226,623",44
763,3,8,16,32,34,43,10,"2,138,130,000",8,"63,352,000",45
762,1,3,12,21,26,41,16,"1,631,432,063",10,"51,302,896",53
761,4,7,11,24,42,45,30,"2,392,730,518",7,"53,683,057",52
760,10,22,27,31,42,43,12,"2,253,299,391",8,"66,764,427",45
759,9,33,36,40,42,43,32,"3,032,670,500",6,"68,924,330",44
758,5,9,12,30,39,43,24,"2,078,969,954",8,"43,999,365",63
757,6,7,11,17,33,44,1,"739,839,858",21,"38,079,993",68
756,10,14,16,18,27,28,4,"3,414,434,700",5,"53,686,081",53
755,13,14,26,28,30,36,37,"2,214,427,266",8,"54,677,217",54
754,2,8,17,24,29,31,32,"3,427,542,000",5,"57,125,700",50
753,2,17,19,24,37,41,3,"2,711,105,063",6,"46,743,191",58
752,4,16,20,33,40,43,7,"1,870,358,834",9,"37,407,177",75
751,3,4,16,20,28,44,17,"2,097,968,110",8,"40,540,447",69
750,1,2,15,19,24,36,12,"2,522,104,286",7,"66,873,978",44
749,12,14,24,26,34,45,41,"1,350,104,395",13,"45,706,660",64
748,3,10,13,22,31,32,29,"1,928,246,542",9,"49,023,218",59
747,7,9,12,14,23,28,17,"1,903,214,584",9,"48,386,812",59
746,3,12,33,36,42,45,25,"2,038,623,709",9,"52,723,027",58
745,1,2,3,9,12,23,10,"746,822,982",20,"22,631,000",110
744,10,15,18,21,34,41,43,"1,155,411,575",15,"47,352,934",61
743,15,19,21,34,41,44,10,"2,608,641,000",7,"66,161,185",46
742,8,10,13,36,37,40,6,"1,111,814,813",16,"67,382,716",44
741,5,21,27,34,44,45,16,"3,043,595,938",6,"55,338,108",55
740,4,8,9,16,17,19,31,"936,929,792",18,"65,367,195",43
739,7,22,29,33,34,35,30,"4,744,122,282",4,"70,283,294",45
738,23,27,28,38,42,43,36,"1,634,191,091",11,"62,417,021",48
737,13,15,18,24,27,41,11,"4,283,061,000",4,"59,486,959",48
736,2,11,17,18,21,27,6,"3,397,362,225",5,"52,428,430",54
735,5,10,13,27,37,41,4,"1,847,231,588",10,"61,574,387",50
734,6,16,37,38,41,45,18,"1,949,395,500",9,"81,224,813",36
733,11,24,32,33,35,40,13,"4,016,725,125",4,"46,979,242",57
732,2,4,5,17,27,32,43,"2,203,270,608",7,"57,121,831",45
731,2,7,13,25,42,45,39,"2,340,471,054",7,"60,678,880",45
730,4,10,14,15,18,22,39,"2,017,382,110",8,"59,774,285",45
729,11,17,21,26,36,45,16,"4,198,250,719",4,"79,966,681",35
728,3,6,10,30,34,37,36,"3,243,464,400",5,"48,265,840",56
727,7,8,10,19,21,31,20,"1,115,107,742",14,"29,907,105",87
726,1,11,21,23,34,44,24,"1,166,872,634",14,"48,619,694",56
725,6,7,19,21,41,43,38,"1,579,217,250",11,"61,600,673",47
724,2,8,33,35,37,41,14,"1,427,789,813",12,"51,919,630",55
723,20,30,33,35,36,44,22,"2,114,365,360",8,"70,478,846",40
722,12,14,21,30,39,43,45,"4,365,422,719",4,"63,266,996",46
721,1,28,35,41,43,44,31,"2,273,767,360",8,"75,792,246",40
720,1,12,29,34,36,37,41,"1,233,770,358",14,"77,805,338",37
719,4,8,13,19,20,43,26,"1,879,581,334",9,"48,609,863",58
718,4,11,20,23,32,39,40,"926,166,464",17,"41,002,162",64
717,2,11,19,25,28,32,44,"2,702,433,688",6,"57,498,590",47
716,2,6,13,16,29,30,21,"1,358,752,157",12,"77,642,981",35
715,2,7,27,33,41,44,10,"2,605,510,438",6,"42,713,286",61
714,1,7,22,33,37,40,20,"2,085,131,733",7,"52,883,776",46
713,2,5,15,18,19,23,44,"1,714,720,917",9,"51,441,628",50
712,17,20,30,31,33,45,19,"4,034,485,125",4,"57,226,740",47
711,11,15,24,35,37,45,42,"2,277,413,358",7,"60,385,961",44
710,3,4,9,24,25,33,10,"2,895,441,150",5,"42,331,011",57
709,10,18,30,36,39,44,32,"1,165,271,625",14,"61,794,708",44
708,2,10,16,19,34,45,1,"4,099,552,219",4,"52,558,362",52
707,2,12,19,24,39,44,35,"1,322,167,313",12,"35,734,252",74
706,3,4,6,10,28,30,37,"3,831,746,063",4,"50,088,184",51
705,1,6,17,22,28,45,23,"3,987,206,532",4,"54,247,708",49
704,1,4,8,23,33,42,45,"3,865,190,344",4,"54,825,395",47
703,10,28,31,33,41,44,21,"3,235,784,100",5,"52,872,290",51
702,3,13,16,24,26,29,9,"1,465,091,387",11,"58,391,324",46
701,3,10,14,16,36,38,35,"1,583,183,175",10,"65,965,966",40
700,11,23,28,29,30,44,13,"2,082,099,188",8,"67,710,543",41
699,4,5,8,16,21,29,3,"1,995,411,375",8,"53,210,970",50
698,3,11,13,21,33,37,18,"1,921,084,125",8,"53,363,448",48
697,2,5,8,11,33,39,31,"1,531,443,038",10,"28,360,057",90
696,1,7,16,18,34,38,21,"1,632,054,413",10,"61,820,243",44
695,4,18,26,33,34,38,14,"1,450,214,830",11,"40,283,746",66
694,7,15,20,25,33,43,12,"1,555,036,388",10,"33,227,274",78
693,1,6,11,28,34,42,30,"1,642,763,813",10,"63,673,016",43
692,3,11,14,15,32,36,44,"2,301,273,697",7,"61,018,621",44
691,15,27,33,35,43,45,16,"2,839,296,750",6,"91,590,218",31
690,24,25,33,34,38,39,43,"1,126,507,625",15,"82,831,444",34
689,7,17,19,30,36,38,34,"2,321,775,911",7,"61,562,241",44
688,5,15,22,23,34,35,2,"1,967,536,750",9,"55,685,003",53
687,1,8,10,13,28,42,45,"2,720,029,313",6,"71,579,719",38
686,7,12,15,24,25,43,13,"1,937,531,719",8,"71,760,435",36
685,6,7,12,28,38,40,18,"1,494,367,671",11,"52,686,040",52
684,1,11,15,17,25,39,40,"1,688,815,709",9,"40,858,445",62
683,6,13,20,27,28,40,15,"1,010,930,883",16,"59,907,016",45
682,17,23,27,35,38,43,2,"4,063,713,563",4,"48,377,543",56
681,21,24,27,29,43,44,7,"2,696,328,938",6,"72,873,756",37
680,4,10,19,29,32,42,30,"1,110,570,563",14,"58,893,894",44
679,3,5,7,14,26,34,35,"2,863,005,600",5,"44,182,186",54
678,4,5,6,12,25,37,45,"2,288,490,188",6,"55,816,834",41
677,12,15,24,36,41,44,42,"1,921,114,407",8,"69,229,348",37
676,1,8,17,34,39,45,27,"1,879,726,500",8,"39,782,572",63
675,1,8,11,15,18,45,7,"3,514,549,032",4,"36,046,657",65
674,9,10,14,25,27,31,11,"1,770,565,500",8,"49,182,375",48
673,7,10,17,29,33,44,5,"1,491,453,300",10,"71,021,586",35
672,8,21,28,31,36,45,43,"1,754,745,000",9,"57,219,946",46
671,7,9,10,13,31,35,24,"3,722,322,844",4,"51,698,929",48
670,11,18,26,27,40,41,25,"1,191,725,219",12,"61,114,114",39
669,7,8,20,29,33,38,9,"2,708,173,188",6,"52,080,254",52
668,12,14,15,24,27,32,3,"2,991,158,625",5,"44,511,290",56
667,15,17,25,37,42,43,13,"2,228,764,393",7,"65,005,629",40
666,2,4,6,11,17,28,16,"2,396,901,063",6,"50,997,895",47
665,5,6,11,17,38,44,13,"3,643,230,375",4,"80,960,675",30
664,10,20,33,36,41,44,5,"1,536,801,338",10,"58,212,172",44
663,3,5,8,19,38,42,20,"2,080,244,143",7,"40,449,192",60
662,5,6,9,11,15,37,26,"1,689,733,688",8,"52,394,844",43
661,2,3,12,20,27,38,40,"1,713,025,547",8,"36,254,509",63
660,4,9,23,33,39,44,14,"1,421,272,575",10,"49,349,743",48
659,7,18,19,27,29,42,45,"1,336,604,216",11,"61,261,027",40
658,8,19,25,28,32,36,37,"1,634,031,375",9,"64,501,239",38
657,10,14,19,39,40,43,23,"1,694,762,792",9,"48,887,389",52
656,3,7,14,16,31,40,39,"7,330,002,750",2,"50,902,797",48
655,7,37,38,39,40,44,18,"1,661,439,625",9,"60,784,377",41
654,16,21,26,31,36,43,6,"1,879,301,391",8,"36,315,003",69
653,5,6,26,27,38,39,1,"980,958,670",14,"40,873,278",56
652,3,13,15,40,41,44,20,"3,003,483,525",5,"69,525,082",36
651,11,12,16,26,29,44,18,"1,855,306,454",8,"70,678,342",35
650,3,4,7,11,31,41,35,"2,849,298,900",5,"52,764,795",45
649,3,21,22,33,41,42,20,"2,948,042,100",5,"54,593,373",45
648,13,19,28,37,38,43,4,"2,120,987,947",7,"54,988,577",45
647,5,16,21,23,24,30,29,"2,189,725,608",7,"58,060,907",44
646,2,9,24,41,43,45,30,"2,215,498,393",7,"71,798,560",36
645,1,4,16,26,40,41,31,"3,696,297,750",4,"88,007,090",28
644,5,13,17,23,28,36,8,"1,831,451,204",8,"49,835,407",49
643,15,24,31,32,33,40,13,"2,535,763,625",6,"58,971,248",43
642,8,17,18,24,39,45,32,"1,251,460,438",12,"40,369,692",62
641,11,18,21,36,37,43,12,"1,990,074,563",8,"53,068,655",50
640,14,15,18,21,26,35,23,"1,728,768,834",9,"54,024,027",48
639,6,15,22,23,25,32,40,"4,061,185,219",4,"60,165,707",45
638,7,18,22,24,31,34,6,"2,229,403,179",7,"63,438,302",41
637,3,16,22,37,38,44,23,"3,899,241,094",4,"57,766,535",45
636,6,7,15,16,20,31,26,"1,832,362,219",8,"55,526,128",44
635,11,13,25,26,29,33,32,"1,855,587,235",8,"70,689,038",35
634,4,10,11,12,20,27,38,"1,077,935,106",13,"43,250,483",54
633,9,12,19,20,39,41,13,"1,217,257,094",12,"51,798,175",47
632,15,18,21,32,35,44,6,"1,432,587,716",11,"50,507,901",52
631,1,2,4,23,31,34,8,"3,919,853,532",4,"56,809,472",46
630,8,17,21,24,27,31,15,"4,836,305,500",3,"50,378,183",48
629,19,28,31,38,43,44,1,"2,919,433,575",5,"71,554,745",34
628,1,7,12,15,23,42,11,"1,499,942,875",9,"60,808,495",37
627,2,9,22,25,31,45,12,"1,352,230,650",10,"64,391,936",35
626,13,14,26,33,40,43,15,"1,717,871,110",8,"50,899,885",45
625,3,6,7,20,21,39,13,"2,765,184,675",5,"51,207,124",45
624,1,7,19,26,27,35,16,"2,763,729,450",5,"37,755,867",61
623,7,13,30,39,41,45,25,"1,813,702,594",8,"69,093,433",35
622,9,15,16,21,28,34,24,"1,630,598,292",9,"71,938,160",34
621,1,2,6,16,19,42,9,"2,359,723,500",6,"38,060,057",62
620,2,16,17,32,39,45,40,"2,028,283,233",7,"53,780,238",44
619,6,8,13,30,35,40,21,"4,612,479,375",3,"39,088,809",59
618,8,16,25,30,42,43,15,"2,881,326,225",5,"53,357,894",45
617,4,5,11,12,24,27,28,"1,629,701,860",8,"50,533,391",43
616,5,13,18,23,40,45,3,"1,611,811,250",9,"49,341,161",49
615,10,17,18,19,23,27,35,"1,535,062,417",9,"74,277,214",31
614,8,21,25,39,40,44,18,"2,540,975,438",6,"55,238,597",46
613,7,8,11,16,41,44,35,"1,549,831,209",9,"77,491,561",30
612,6,9,18,19,25,33,40,"1,181,705,250",11,"36,719,655",59
611,2,22,27,33,36,37,14,"3,502,706,157",4,"49,683,776",47
610,14,18,20,23,28,36,33,"3,516,018,375",4,"68,941,537",34
609,4,8,27,34,39,40,13,"6,339,311,438",2,"44,959,656",47
608,4,8,18,19,39,44,41,"1,943,530,018",7,"70,857,866",32
607,8,14,23,36,38,39,13,"3,494,480,907",4,"66,561,542",35
606,1,5,6,14,20,39,22,"1,311,566,850",10,"49,680,563",44
605,1,2,7,9,10,38,42,"1,394,232,250",9,"52,283,710",40
604,2,6,18,21,33,34,30,"1,229,141,557",11,"62,595,172",36
603,2,19,25,26,27,43,28,"3,452,136,563",4,"76,714,146",30
602,13,14,22,27,30,38,2,"1,689,530,860",8,"53,635,901",42
601,2,16,19,31,34,35,37,"1,524,565,209",9,"81,673,137",28
600,5,11,14,27,29,36,44,"901,798,725",15,"54,987,728",41
599,5,12,17,29,34,35,27,"1,710,918,329",8,"53,051,732",43
598,4,12,24,33,38,45,22,"833,998,594",16,"44,479,925",50
597,8,10,23,24,35,43,37,"1,057,920,606",13,"49,829,594",46
596,3,4,12,14,25,43,17,"1,328,267,663",10,"53,994,621",41
595,8,24,28,35,38,40,5,"1,744,525,219",8,"43,074,697",54
594,2,8,13,25,28,37,3,"1,255,592,796",11,"54,807,623",42
593,9,10,13,24,33,38,28,"1,532,833,500",9,"37,084,682",62
592,2,5,6,13,28,44,43,"2,356,381,688",6,"84,156,489",28
591,8,13,14,30,38,39,5,"2,964,676,200",5,"65,014,829",38
590,20,30,36,38,41,45,23,"2,185,183,983",7,"82,238,107",31
589,6,8,28,33,38,39,22,"2,136,877,983",7,"59,357,722",42
588,2,8,15,22,25,41,30,"2,889,342,075",5,"55,995,002",43
587,14,21,29,31,32,37,17,"4,974,577,375",3,"57,843,923",43
586,2,7,12,15,21,34,5,"1,778,354,344",8,"51,546,503",46
585,6,7,10,16,38,41,4,"1,620,546,334",9,"54,018,212",45
584,7,18,30,39,40,41,36,"5,033,183,250",3,"78,643,489",32
583,8,17,27,33,40,44,24,"1,341,848,353",11,"48,236,379",51
582,2,12,14,33,40,41,25,"3,560,558,719",4,"41,643,962",57
581,3,5,14,20,42,44,33,"1,844,554,547",8,"63,061,694",39
580,5,7,9,11,32,35,33,"2,028,610,500",7,"56,350,292",42
579,5,7,20,22,37,42,39,"1,396,068,444",11,"55,640,409",46
578,5,12,14,32,34,42,16,"2,796,466,575",5,"54,195,089",43
577,16,17,22,31,34,37,33,"4,484,438,375",3,"53,386,172",42
576,10,11,15,25,35,41,13,"4,321,966,000",3,"40,018,204",54
575,2,8,20,30,33,34,6,"1,699,267,875",8,"50,348,678",45
574,14,15,16,19,25,43,2,"6,965,184,938",2,"70,355,404",33
573,2,4,20,34,35,43,14,"1,645,691,766",8,"43,885,114",50
572,3,13,18,33,37,45,1,"1,668,216,188",8,"41,967,703",53
571,11,18,21,26,38,43,29,"1,966,538,465",7,"69,524,088",33
570,1,12,26,27,29,33,42,"1,527,791,625",9,"60,307,565",38
569,3,6,13,23,24,35,1,"3,467,925,188",4,"64,220,837",36
568,1,3,17,20,31,44,40,"1,305,167,550",10,"43,505,585",50
567,1,10,15,16,32,41,28,"2,318,659,438",6,"43,748,292",53
566,4,5,6,25,26,43,41,"3,508,951,032",4,"66,837,163",35
565,4,10,18,27,40,45,38,"1,742,064,469",8,"59,557,760",39
564,14,19,25,26,27,34,2,"1,934,801,143",7,"70,539,625",32
563,5,10,16,17,31,32,21,"1,932,735,643",7,"59,338,375",38
562,4,11,13,17,20,31,33,"1,166,694,614",11,"41,940,003",51
561,5,7,18,37,42,45,20,"2,753,712,225",5,"55,969,761",41
560,1,4,20,23,29,45,28,"1,976,697,215",7,"57,653,669",40
559,11,12,25,32,44,45,23,"1,926,145,608",7,"53,504,045",42
558,12,15,19,26,40,43,29,"1,315,913,663",10,"43,003,715",51
557,4,20,26,28,35,40,31,"1,888,069,286",7,"51,226,687",43
556,12,20,23,28,30,44,43,"2,005,209,161",7,"57,058,798",41
555,11,17,21,24,26,36,12,"1,711,027,360",8,"49,594,996",46
554,13,14,17,32,41,42,6,"6,813,893,625",2,"55,397,510",41
553,2,7,17,28,29,39,37,"2,249,631,438",6,"43,262,144",52
552,1,10,20,32,35,40,43,"1,330,824,225",10,"49,289,787",45
551,3,6,20,24,27,44,25,"13,526,973,750",1,"70,452,989",32
550,1,7,14,20,34,37,41,"1,118,679,205",11,"35,360,550",58
549,29,31,35,38,40,44,17,"1,760,805,047",8,"67,078,288",35
548,1,12,13,21,32,45,14,"1,736,871,891",8,"50,344,113",46
547,6,7,15,22,34,39,28,"2,838,444,450",5,"43,803,156",54
546,8,17,20,27,37,43,6,"405,939,950",30,"36,903,632",55
545,4,24,25,27,34,35,2,"1,198,994,353",11,"52,337,056",42
544,5,17,21,25,36,44,10,"1,046,388,433",13,"48,237,765",47
543,13,18,26,31,34,44,12,"1,112,934,844",12,"47,358,930",47
542,5,6,19,26,41,45,34,"2,335,152,563",6,"89,813,561",26
541,8,13,26,28,32,34,43,"1,269,327,171",11,"58,177,496",40
540,3,12,13,15,34,36,14,"1,989,365,250",7,"89,266,390",26
539,3,19,22,31,42,43,26,"1,621,036,667",9,"57,894,167",42
538,6,10,18,31,32,34,11,"4,688,021,625",3,"48,833,559",48
537,12,23,26,30,36,43,11,"2,104,038,911",7,"70,134,631",35
536,7,8,18,32,37,43,12,"1,308,523,603",11,"59,973,999",40
535,11,12,14,15,18,39,34,"4,935,603,000",3,"79,606,500",31
534,10,24,26,29,37,38,32,"14,215,763,250",1,"43,078,071",55
533,9,14,15,17,31,33,23,"1,785,671,579",8,"54,111,260",44
532,16,17,23,24,29,44,3,"2,216,896,286",7,"99,476,116",26
531,1,5,9,21,27,35,45,"1,521,519,750",9,"54,339,992",42
530,16,23,27,29,33,41,22,"1,231,656,239",11,"56,450,911",40
529,18,20,24,27,31,42,39,"1,749,114,797",8,"70,671,305",33
528,5,17,25,31,39,40,10,"1,197,889,125",11,"25,536,397",86
527,1,12,22,32,33,42,38,"1,032,386,366",13,"77,132,315",29
526,7,14,17,20,35,39,31,"1,491,031,959",9,"45,643,836",49
525,11,23,26,29,39,44,22,"1,501,132,375",9,"54,919,478",41
524,10,11,29,38,41,45,21,"3,491,695,594",4,"64,661,030",36
523,1,4,37,38,40,45,7,"1,780,355,840",7,"48,304,229",43
522,4,5,13,14,37,41,11,"2,281,623,000",6,"58,503,154",39
521,3,7,18,29,32,36,19,"1,693,420,922",8,"42,601,785",53
520,4,22,27,28,38,40,1,"2,167,205,438",6,"58,573,120",37
519,6,8,13,16,30,43,3,"1,950,601,393",7,"71,115,676",32
518,14,23,30,32,34,38,6,"2,263,804,125",6,"66,582,475",34
517,1,9,12,28,36,41,10,"2,659,057,725",5,"55,397,036",40
516,2,8,23,41,43,44,30,"1,294,190,182",11,"74,146,313",32
515,2,11,12,15,23,37,8,"13,200,466,875",1,"62,859,367",35
514,1,15,20,26,35,42,9,"4,451,055,500",3,"61,820,216",36
513,5,8,21,23,27,33,12,"4,589,624,750",3,"42,496,526",54
512,4,5,9,13,26,27,1,"940,094,452",13,"39,170,603",52
511,3,7,14,23,26,42,24,"2,165,579,250",6,"58,529,169",37
510,12,29,32,33,39,40,42,"2,644,158,150",5,"88,138,605",25
509,12,25,29,35,42,43,24,"2,689,076,100",5,"65,908,728",34
508,5,27,31,34,35,43,37,"1,599,557,860",8,"68,798,188",31
507,12,13,32,33,40,41,4,"1,416,438,875",9,"73,264,080",29
506,6,9,11,22,24,30,31,"4,073,333,875",3,"61,717,180",33
505,7,20,22,25,38,40,44,"1,917,955,188",6,"50,472,505",38
504,6,14,22,26,43,44,31,"1,443,236,959",9,"74,650,188",29
503,1,5,27,30,34,36,40,"1,853,634,911",7,"51,489,859",42
502,6,22,28,32,34,40,26,"2,201,458,125",6,"71,014,779",31
501,1,4,10,17,31,42,2,"3,025,200,094",4,"33,062,297",61
500,3,4,12,20,24,34,41,"1,351,072,375",9,"29,803,068",68
499,5,20,23,27,35,40,43,"4,070,480,250",3,"44,244,351",46
498,13,14,24,32,39,41,3,"3,244,503,094",4,"61,800,059",35
497,19,20,23,24,43,44,13,"2,222,817,813",6,"74,093,928",30
496,4,13,20,29,36,41,39,"3,285,932,250",4,"47,622,207",46
495,4,13,22,27,34,44,6,"2,111,645,000",6,"47,991,932",44
494,5,7,8,15,30,43,22,"1,054,588,407",12,"52,729,421",40
493,20,22,26,33,36,37,25,"1,451,120,334",9,"80,617,797",27
492,22,27,31,35,37,40,42,"2,493,013,800",5,"51,937,788",40
491,8,17,35,36,39,42,4,"3,304,634,438",4,"71,067,408",31
490,2,7,26,29,40,43,42,"1,860,234,161",7,"74,837,007",29
489,2,4,8,15,20,27,11,"2,106,360,625",6,"40,506,936",52
488,2,8,17,30,31,38,25,"1,330,393,575",10,"67,191,595",33
487,4,8,25,27,37,41,21,"1,638,830,766",8,"47,502,342",46
486,1,2,23,25,38,40,43,"1,008,634,125",13,"75,357,722",29
485,17,22,26,27,36,39,20,"1,501,474,917",9,"68,248,860",33
484,1,3,27,28,32,45,11,"2,305,303,063",6,"72,040,721",32
483,12,15,19,22,28,34,5,"2,567,196,675",5,"40,364,728",53
482,1,10,16,24,25,35,43,"1,897,921,179",7,"73,808,046",30
481,3,4,23,29,40,41,20,"4,639,355,750",3,"68,225,820",34
480,3,5,10,17,30,31,16,"2,996,742,282",4,"39,956,564",50
479,8,23,25,27,35,44,24,"2,233,046,500",6,"65,677,839",34
478,18,29,30,37,39,43,8,"987,224,759",14,"65,814,984",35
477,14,25,29,32,33,45,37,"1,919,011,829",8,"77,535,832",33
476,9,12,13,15,37,38,27,"3,439,851,469",4,"67,448,069",34
475,1,9,14,16,21,29,3,"1,693,923,047",8,"68,441,336",33
474,4,13,18,31,33,45,43,"936,690,800",15,"48,785,980",48
473,8,13,20,22,23,36,34,"3,250,418,063",4,"60,192,928",36
472,16,25,26,31,36,43,44,"1,809,656,090",7,"91,794,150",23
471,6,13,29,37,39,41,43,"1,939,332,858",7,"75,418,500",30
470,10,16,20,39,41,42,27,"4,333,330,625",3,"80,246,864",27
469,4,21,22,34,37,38,33,"3,330,131,250",4,"67,275,379",33
468,8,13,15,28,37,43,17,"1,527,197,167",9,"69,418,054",33
467,2,12,14,17,24,40,39,"1,435,441,084",9,"65,247,322",33
466,4,10,13,23,32,44,20,"1,530,313,459",9,"41,735,822",55
465,1,8,11,13,22,38,31,"1,923,662,893",7,"48,788,552",46
464,6,12,15,34,42,44,4,"3,355,721,106",13,"67,273,025",78
463,23,29,31,33,34,44,40,0,0,"54,687,384",37
462,3,20,24,32,37,45,4,"1,483,559,297",8,"50,719,976",39
461,11,18,26,31,37,40,43,"1,948,674,875",6,"60,896,090",32
460,8,11,28,30,43,45,41,"3,180,895,782",4,"70,686,573",30
459,4,6,10,14,25,40,12,"1,655,842,233",7,"41,995,999",46
458,4,9,10,32,36,40,18,"1,608,812,625",8,"41,251,606",52
457,8,10,18,23,27,40,33,"1,159,902,825",10,"41,131,306",47
456,1,7,12,18,23,27,44,"1,598,505,054",7,"47,818,528",39
455,4,19,20,26,30,35,24,"1,635,711,483",7,"59,635,315",32
454,13,25,27,34,38,41,10,"1,609,125,590",7,"43,658,447",43
453,12,24,33,38,40,42,30,"2,262,732,375",5,"52,378,065",36
452,8,10,18,30,32,34,27,"1,276,902,000",9,"39,903,188",48
451,12,15,20,24,30,38,29,"882,138,952",13,"61,654,873",31
450,6,14,19,21,23,31,13,"1,990,391,625",6,"58,540,931",34
449,3,10,20,26,35,43,36,"4,059,715,250",3,"52,047,632",39
448,3,7,13,27,40,41,36,"4,026,212,750",3,"57,517,325",35
447,2,7,8,9,17,33,34,"2,657,941,125",4,"57,160,025",31
446,1,11,12,14,26,35,6,"4,051,247,625",3,"49,405,459",41
445,13,20,21,30,39,45,32,"1,791,683,036",7,"74,653,460",28
444,11,13,23,35,43,45,17,"4,154,188,625",3,"79,888,243",26
443,4,6,10,19,20,44,14,"1,327,597,584",9,"48,570,644",41
442,25,27,29,36,38,40,41,"1,413,413,042",9,"78,522,947",27
441,1,23,28,30,34,35,9,"3,170,417,063",4,"50,324,081",42
440,10,22,28,34,36,44,2,"1,995,873,000",6,"48,679,830",41
439,17,20,30,31,37,40,25,"1,900,077,375",6,"57,578,103",33
438,6,12,20,26,29,38,45,"1,377,142,167",9,"50,383,250",41
437,11,16,29,38,41,44,21,"2,096,245,438",6,"63,522,590",33
436,9,14,20,22,33,34,28,"1,512,266,579",8,"45,826,260",44
435,8,16,26,30,38,45,42,"1,287,550,013",10,"69,223,119",31
434,3,13,20,24,33,37,35,"1,480,060,266",8,"53,335,506",37
433,19,23,29,33,35,43,27,"1,182,294,410",11,"52,866,824",41
432,2,3,5,11,27,39,33,"2,299,427,550",5,"39,920,618",48
431,18,22,25,31,38,45,6,"1,268,434,013",10,"49,164,110",43
430,1,3,16,18,30,34,44,"1,611,763,219",8,"47,755,948",45
429,3,23,28,34,39,42,16,"1,485,904,709",9,"60,239,381",37
428,12,16,19,22,37,40,8,"1,437,683,209",9,"71,884,161",30
427,6,7,15,24,28,30,21,"12,571,445,625",1,"63,492,150",33
426,4,17,18,27,39,43,19,"3,057,233,625",4,"32,351,679",63
425,8,10,14,27,33,38,3,"1,534,833,000",8,"49,913,269",41
424,10,11,26,31,34,44,30,"1,109,480,813",10,"36,257,543",51
423,1,17,27,28,29,40,5,"3,896,153,875",3,"41,448,446",47
422,8,15,19,21,34,44,12,"2,205,251,375",6,"105,011,971",21
421,6,11,26,27,28,44,30,"2,321,144,325",5,"53,730,193",36
420,4,9,10,29,31,34,27,"1,424,856,375",8,"54,280,243",35
419,2,11,13,14,28,30,7,"3,796,490,750",3,"57,522,588",33
418,11,13,15,26,28,34,31,"1,435,649,766",8,"41,613,037",46
417,4,5,14,20,22,43,44,"2,818,329,938",4,"55,261,372",34
416,5,6,8,11,22,26,44,"1,072,037,100",10,"55,835,266",32
415,7,17,20,26,30,40,24,"1,334,182,407",8,"50,825,997",35
414,2,14,15,22,23,44,43,"11,703,832,500",1,"55,732,536",35
413,2,9,15,23,34,40,3,"2,814,673,500",4,"52,123,584",36
412,4,7,39,41,42,45,40,"1,656,199,822",7,"56,830,387",34
411,11,14,22,35,37,39,5,"953,227,563",12,"52,957,087",36
410,1,3,18,32,40,41,16,"1,249,335,709",9,"50,648,745",37
409,6,9,21,31,32,40,38,"2,896,989,750",4,"53,647,959",36
408,9,20,21,22,30,37,16,"2,235,375,825",5,"56,448,885",33
407,6,7,13,16,24,25,1,"1,649,707,286",7,"71,283,649",27
406,7,12,21,24,27,36,45,"2,156,142,450",5,"54,448,042",33
405,1,2,10,25,26,44,4,"3,543,878,000",3,"50,626,829",35
404,5,20,21,24,33,40,36,"3,566,659,375",3,"68,589,604",26
403,10,14,22,24,28,37,26,"2,122,396,875",5,"41,131,723",43
402,5,9,15,19,22,36,32,"2,662,206,188",4,"43,287,906",41
401,6,12,18,31,38,43,9,"1,168,214,792",9,"60,424,904",29
400,9,21,27,34,41,43,2,"2,669,834,325",4,"59,329,652",30
399,1,2,9,17,19,42,20,"1,276,854,975",8,"42,561,833",40
398,10,15,20,23,42,44,7,"2,680,625,550",4,"57,647,862",31
397,12,13,17,22,25,33,8,"3,499,519,700",3,"56,443,867",31
396,18,20,31,34,40,45,30,"5,296,622,400",2,"51,927,671",34
395,11,15,20,26,31,35,7,"1,534,635,000",7,"42,628,750",42
394,1,13,20,22,25,28,15,"10,654,349,100",1,"53,809,844",33
393,9,16,28,40,41,43,21,"1,362,003,975",8,"51,885,866",35
392,1,3,7,8,24,42,43,"1,713,528,700",6,"57,117,624",30
391,10,11,18,22,28,39,30,"10,508,749,800",1,"54,733,072",32
390,16,17,28,37,39,40,15,"10,373,997,900",1,"46,729,721",37
389,7,16,18,20,23,26,3,"2,119,027,020",5,"49,051,552",36
388,1,8,9,17,29,32,45,"2,545,543,875",4,"56,567,642",30
387,1,26,31,34,40,43,20,"2,675,533,500",4,"68,603,424",26
386,4,7,10,19,31,40,26,"1,042,953,330",10,"29,461,959",59
385,7,12,19,21,29,32,9,"1,542,032,700",7,"49,973,282",36
384,11,22,24,32,36,38,7,"3,658,734,200",3,"44,618,710",41
383,4,15,28,33,37,40,25,"3,596,522,100",3,"64,223,609",28
382,10,15,22,24,27,42,19,"1,846,674,900",6,"57,708,591",32
381,1,5,10,12,16,20,11,"565,738,895",19,"28,895,267",62
380,1,2,8,17,26,37,27,"2,684,274,825",4,"42,607,537",42
379,6,10,22,31,35,40,19,"1,598,999,786",7,"26,274,645",71
378,5,22,29,31,34,39,43,"2,317,698,240",5,"64,380,507",30
377,6,22,29,37,43,45,23,"3,912,085,400",3,"88,911,032",22
376,1,11,13,24,28,40,7,"1,956,915,800",6,"38,370,899",51
375,4,8,19,25,27,45,7,"1,581,284,058",7,"43,924,558",42
374,11,13,15,17,25,34,26,"5,528,717,850",2,"68,255,776",27
373,15,26,37,42,43,45,9,"2,791,801,125",4,"64,179,337",29
372,8,11,14,16,18,21,13,"1,192,593,200",9,"48,348,373",37
371,7,9,15,26,27,42,18,"1,524,130,543",7,"61,315,597",29
370,16,18,24,42,44,45,17,"1,678,941,943",7,"61,211,425",32
369,17,20,35,36,41,43,21,"1,842,177,750",6,"59,425,089",31
368,11,21,24,30,39,45,26,"1,465,825,115",7,"45,003,403",38
367,3,22,25,29,32,44,19,"1,581,736,586",7,"49,874,578",37
366,5,12,19,26,27,44,38,"5,351,553,900",2,"45,739,777",39
365,5,15,21,25,26,30,31,"10,697,716,800",1,"50,941,509",35
364,2,5,7,14,16,40,4,"2,531,914,800",4,"45,620,087",37
363,11,12,14,21,32,38,6,"2,615,910,600",4,"52,846,679",33
362,2,3,22,27,30,40,29,"1,729,424,650",6,"66,516,333",26
361,5,10,16,24,27,35,33,"1,473,115,115",7,"50,548,068",34
360,4,16,23,25,35,40,27,"3,566,716,200",3,"54,041,155",33
359,1,10,19,20,24,40,23,"1,286,712,600",8,"46,368,022",37
358,1,9,10,12,21,40,37,"3,472,654,900",3,"39,461,988",44
357,10,14,18,21,36,37,5,"5,313,394,350",2,"65,597,462",27
356,2,8,14,25,29,45,24,"1,157,185,267",9,"46,912,917",37
355,5,8,29,30,35,44,38,"2,145,424,800",5,"74,493,917",24
354,14,19,36,43,44,45,1,"2,124,464,340",5,"52,070,205",34
353,11,16,19,22,29,36,26,"5,290,838,250",2,"60,814,233",29
352,5,16,17,20,26,41,24,"1,732,858,250",6,"59,753,733",29
351,5,25,27,29,34,36,33,"2,583,357,150",4,"59,387,521",29
350,1,8,18,24,29,33,35,"1,101,052,467",9,"71,807,770",23
349,5,13,14,20,24,25,36,"3,353,209,000",3,"45,313,636",37
348,3,14,17,20,24,31,34,"3,299,994,000",3,"44,594,514",37
347,3,8,13,27,32,42,10,"1,456,624,286",7,"44,720,922",38
346,5,13,14,22,44,45,33,"2,017,727,340",5,"64,670,749",26
345,15,20,23,29,39,42,2,"5,203,577,550",2,"45,645,418",38
344,1,2,15,28,34,45,38,"1,467,106,543",7,"74,418,448",23
343,1,10,17,29,31,43,15,"1,717,153,000",6,"59,212,173",29
342,1,13,14,33,34,43,25,"3,454,095,800",3,"59,553,376",29
341,1,8,19,34,39,43,41,"1,497,207,772",7,"52,931,588",33
340,18,24,26,29,34,38,32,"1,439,393,186",7,"47,979,773",35
339,6,8,14,21,30,37,45,"1,096,778,334",9,"51,411,485",32
338,2,13,34,38,42,45,16,"3,383,431,000",3,"43,377,321",39
337,1,5,14,18,32,37,4,"1,257,500,513",8,"50,808,102",33
336,3,5,20,34,35,44,16,"1,685,632,650",6,"56,187,755",30
335,5,9,16,23,26,45,21,"2,037,492,480",5,"60,639,658",28
334,13,15,21,29,39,43,33,"1,523,002,972",7,"57,317,317",31
333,5,14,27,30,39,43,35,"1,550,987,143",7,"50,263,473",36
332,16,17,34,36,42,45,3,"1,359,448,388",8,"48,989,132",37
331,4,9,14,26,31,44,39,"2,165,902,620",5,"40,109,308",45
330,3,4,16,17,19,20,23,"1,162,280,200",9,"54,481,885",32
329,9,17,19,30,35,42,4,"1,830,391,200",6,"55,466,400",33
328,1,6,9,16,17,28,24,"1,819,795,900",6,"60,659,864",30
327,6,12,13,17,32,44,24,"882,674,750",12,"45,265,372",39
326,16,23,25,33,36,39,40,"1,832,134,550",6,"59,101,115",31
325,7,17,20,32,44,45,33,"1,806,122,450",6,"54,730,984",33
324,2,4,21,25,33,36,17,"1,865,130,350",6,"46,628,259",40
323,10,14,15,32,36,42,3,"1,461,025,388",8,"72,149,402",27
322,9,18,29,32,38,43,20,"1,904,544,700",6,"65,673,956",29
321,12,18,20,21,25,34,42,"1,959,136,100",6,"55,975,318",35
320,16,19,23,25,41,45,3,"5,513,067,900",2,"73,507,572",25
319,5,8,22,28,33,42,37,"2,135,659,380",5,"68,450,622",26
318,2,17,19,20,34,45,21,"1,207,436,600",9,"64,684,104",28
317,3,10,11,22,36,39,8,"2,576,258,550",4,"68,700,228",25
316,10,11,21,27,31,39,43,"1,673,586,400",6,"57,709,876",29
315,1,13,33,35,43,45,23,"1,308,728,625",8,"54,530,360",32
314,15,17,19,34,38,41,2,"1,660,512,200",6,"69,188,009",24
313,9,17,34,35,43,45,2,"1,715,422,800",6,"65,977,800",26
312,2,3,5,6,12,20,25,"629,017,820",15,"27,112,838",58
311,4,12,24,27,28,32,10,"1,237,691,063",8,"38,378,018",43
310,1,5,19,28,34,41,16,"1,296,713,325",8,"59,619,004",29
309,1,2,5,11,18,36,22,"901,622,946",11,"66,119,016",25
308,14,15,17,19,37,45,40,"10,232,872,800",1,"63,165,882",27
307,5,15,21,23,25,45,12,"2,587,643,250",4,"61,610,554",28
306,4,18,23,30,34,41,19,"2,102,669,520",5,"76,183,679",23
305,7,8,18,21,23,39,9,"2,008,210,140",5,"49,220,837",34
304,4,10,16,26,33,41,38,"1,661,646,150",6,"44,909,356",37
303,2,14,17,30,38,45,43,"1,672,749,000",6,"57,681,000",29
302,13,19,20,32,38,42,4,"5,472,167,250",2,"41,455,813",44
301,7,11,13,33,37,43,26,"1,447,385,015",7,"35,927,997",47
300,7,9,10,12,26,38,39,"836,092,425",12,"49,181,908",34
299,1,3,20,25,36,45,24,"1,483,772,529",7,"59,691,999",29
298,5,9,27,29,37,40,19,"9,909,778,500",1,"41,290,744",40
297,6,11,19,20,28,32,34,"5,056,668,750",2,"60,198,438",28
296,3,8,15,27,30,45,44,"3,066,088,275",8,"46,243,415",53
295,1,4,12,16,18,38,8,0,0,"62,969,875",26
294,6,10,17,30,37,38,40,"2,406,504,975",4,"61,705,256",26
293,1,9,17,21,29,33,24,"1,656,764,400",6,"78,893,543",21
292,17,18,31,32,33,34,10,"720,373,950",14,"45,428,988",37
291,3,7,8,18,20,42,45,"1,450,585,200",7,"43,393,575",39
290,8,13,18,32,39,45,7,"2,149,214,424",13,"51,251,650",61
289,3,14,33,37,38,42,10,0,0,"63,761,694",24
288,1,12,17,28,35,41,10,"2,357,261,550",4,"65,479,488",24
287,6,12,24,27,35,37,41,"1,328,657,100",7,"41,894,594",37
286,1,15,19,40,42,44,17,"3,236,566,300",3,"59,936,413",27
285,13,33,37,40,41,45,2,"3,164,370,100",3,"60,853,272",26
284,2,7,15,24,30,45,28,"3,117,640,300",3,"111,344,297",14
283,6,8,18,31,38,45,42,"3,137,224,600",3,"65,358,846",24
282,2,5,10,18,31,32,30,"1,322,052,643",7,"48,199,836",32
281,1,3,4,6,14,41,12,"1,554,683,200",6,"42,018,465",37
280,10,11,23,24,36,37,35,"1,355,258,529",7,"58,560,554",27
279,7,16,31,36,37,38,11,"1,914,205,320",5,"59,080,412",27
278,3,11,37,39,41,43,13,"3,186,530,000",3,"59,009,815",27
277,10,12,13,15,25,29,20,"3,272,627,800",3,"52,784,320",31
276,4,15,21,33,39,41,25,"3,312,569,000",3,"53,428,533",31
275,14,19,20,35,38,40,26,"10,044,066,900",1,"88,105,850",19
274,13,14,15,26,35,39,25,"2,505,085,575",4,"45,136,678",37
273,1,8,24,31,34,44,6,"3,339,543,100",3,"79,512,931",21
272,7,9,12,27,39,43,28,"1,104,622,800",9,"42,485,493",39
271,3,8,9,27,29,40,36,"1,565,918,150",6,"55,925,649",28
270,5,9,12,20,21,26,27,"1,927,830,060",5,"50,203,908",32
269,5,18,20,36,42,43,32,"1,961,399,940",5,"74,295,453",22
268,3,10,19,24,32,45,12,"1,350,954,515",7,"45,031,818",35
267,7,8,24,34,36,41,1,"3,257,663,300",3,"58,172,559",28
266,3,4,9,11,22,42,37,"3,207,211,700",3,"44,544,607",36
265,5,9,34,37,38,39,12,"1,200,838,575",8,"84,269,374",19
264,9,16,27,36,41,44,5,"1,344,889,200",7,"58,112,497",27
263,1,27,28,32,37,40,18,"1,551,704,900",6,"57,470,552",27
262,9,12,24,25,29,31,36,"4,518,741,600",2,"71,726,058",21
261,6,11,16,18,31,43,2,"3,192,299,100",3,"49,879,674",32
260,7,12,15,24,37,40,43,"2,310,085,575",4,"59,232,964",26
259,4,5,14,35,42,45,34,"4,838,533,500",2,"64,513,780",25
258,14,27,30,31,38,40,17,"2,426,434,350",4,"57,772,247",28
257,6,13,27,31,32,37,4,"2,391,377,025",4,"88,569,520",18
256,4,11,14,21,23,43,32,"4,891,017,000",2,"47,951,148",34
255,1,5,6,24,27,42,32,"1,598,618,550",6,"122,970,658",13
254,1,5,19,20,24,30,27,"9,741,015,900",1,"49,197,050",33
253,8,19,25,31,34,36,33,"2,466,189,525",4,"82,206,318",20
252,14,23,26,31,39,45,28,"1,391,089,715",7,"67,622,417",24
251,6,7,19,25,28,38,45,"1,282,616,400",8,"42,753,880",40
250,19,23,30,37,43,45,38,"1,994,726,280",5,"97,780,700",17
249,3,8,27,31,41,44,11,"1,663,568,700",6,"57,364,438",29
248,3,8,17,23,38,45,13,"1,227,479,363",8,"71,158,224",23
247,12,15,28,36,39,40,13,"1,669,313,900",6,"57,562,549",29
246,13,18,21,23,26,39,15,"1,911,774,240",5,"61,274,816",26
245,9,11,27,31,32,38,22,"1,382,583,129",7,"46,086,105",35
244,13,16,25,36,37,38,19,"9,121,583,100",1,"60,810,554",25
243,2,12,17,19,28,42,34,"2,408,850,000",4,"55,375,863",29
242,4,19,20,21,32,34,43,"1,234,542,375",8,"45,723,792",36
241,2,16,24,27,28,35,21,"2,552,016,300",4,"50,039,536",34
240,6,10,16,40,41,43,21,"5,098,251,450",2,"60,693,470",28
239,11,15,24,39,41,44,7,"1,134,140,167",9,"58,662,423",29
238,2,4,15,28,31,34,35,"1,121,660,567",9,"58,016,926",29
237,1,11,17,21,24,44,33,"1,440,630,729",7,"43,095,792",39
236,1,4,8,13,37,39,7,"5,030,040,150",2,"40,894,636",41
235,21,22,26,27,31,37,8,"3,433,330,100",3,"59,195,347",29
234,13,21,22,24,26,37,4,"2,519,743,875",4,"73,036,055",23
233,4,6,13,17,28,40,39,"999,153,750",10,"64,048,318",26
232,8,9,10,12,24,44,35,"1,110,918,400",9,"92,576,534",18
231,5,10,19,31,44,45,27,"1,088,365,900",9,"85,923,624",19
230,5,11,14,29,32,33,12,"1,292,929,163",8,"68,956,222",25
229,4,5,9,11,23,38,35,"1,451,441,100",7,"62,716,591",27
228,17,25,35,36,39,44,23,"1,146,700,334",9,"44,103,859",39
227,4,5,15,16,22,42,2,"5,253,542,400",2,"72,965,867",24
226,2,6,8,14,21,22,34,"1,744,100,150",6,"45,897,373",38
225,5,11,13,19,31,36,7,"1,777,201,800",6,"43,346,386",41
224,4,19,26,27,30,42,7,"1,808,969,950",6,"69,575,768",26
223,1,3,18,20,26,27,38,"1,498,170,600",7,"44,817,070",39
222,5,7,28,29,39,43,44,"2,275,193,820",5,"57,454,390",33
221,2,20,33,35,37,40,10,"1,800,104,250",6,"40,911,461",44
220,5,11,19,21,34,43,31,"1,958,094,950",6,"69,931,963",28
219,4,11,20,26,35,37,16,"1,208,409,167",9,"44,210,092",41
218,1,8,14,18,29,44,20,"2,779,075,800",4,"71,258,354",26
217,16,20,27,33,35,39,38,"1,611,246,172",7,"64,820,249",29
216,7,16,17,33,36,40,1,"848,506,108",13,"29,181,427",63
215,2,3,7,15,43,44,4,"1,587,689,615",7,"57,884,518",32
214,5,7,20,25,28,37,32,"1,406,980,875",8,"52,110,403",36
213,2,3,4,5,20,24,42,"1,376,678,025",8,"55,623,355",33
212,11,12,18,21,31,38,8,"2,660,747,250",4,"49,273,098",36
211,12,13,17,20,33,41,8,"1,035,800,250",10,"59,528,750",29
210,10,19,22,23,25,37,39,"5,139,085,950",2,"37,239,754",46
209,2,7,18,20,24,33,37,"1,660,896,350",6,"48,849,893",34
208,14,25,31,34,40,44,24,"1,760,767,400",6,"51,787,277",34
207,3,11,14,31,32,37,38,"2,104,673,760",5,"47,402,563",37
206,1,2,3,15,20,25,43,"2,032,859,340",5,"47,056,930",36
205,1,3,21,29,35,37,30,"1,835,221,800",6,"87,391,515",21
204,3,12,14,35,40,45,5,"1,358,347,125",8,"78,744,761",23
203,1,3,11,24,30,32,7,"2,164,564,740",5,"41,948,930",43
202,12,14,27,33,39,44,17,"1,893,391,700",6,"47,334,793",40
201,3,11,24,38,39,44,26,"9,719,465,400",1,"43,781,376",37
200,5,6,13,14,17,20,7,"1,344,616,613",8,"30,910,727",58
199,14,21,22,25,30,36,43,"5,344,252,200",2,"77,452,931",23
198,12,19,20,25,41,45,2,"1,797,855,050",6,"71,914,202",25
197,7,12,16,34,42,45,4,"1,803,018,300",6,"42,929,008",42
196,35,36,37,41,44,45,30,"727,876,520",15,"67,395,975",27
195,7,10,19,22,35,40,31,"918,992,591",11,"25,527,572",66
194,15,20,23,26,39,44,28,"2,650,567,875",4,"84,145,012",21
193,6,14,18,26,36,39,13,"3,404,449,700",3,"85,111,243",20
192,4,8,11,18,37,45,33,"2,445,348,375",4,"42,900,849",38
191,5,6,24,25,32,37,8,"2,577,114,675",4,"74,698,977",23
190,8,14,18,30,31,44,15,"1,784,159,450",6,"54,065,438",33
189,8,14,32,35,37,45,28,"3,461,775,100",3,"52,451,138",33
188,19,24,27,30,31,34,36,"3,501,405,200",3,"53,051,594",33
187,1,2,8,18,29,38,42,"1,544,733,900",7,"94,852,082",19
186,4,10,14,19,21,45,9,"1,187,882,600",9,"38,735,303",46
185,1,2,4,8,19,38,14,"3,522,485,800",3,"51,801,262",34
184,1,2,6,16,20,33,41,"1,747,753,050",6,"56,379,131",31
183,2,18,24,34,40,42,5,"1,777,221,500",6,"71,088,860",25
182,13,15,27,29,34,40,35,"3,721,439,400",3,"42,289,085",44
181,14,21,23,32,40,45,44,"1,941,763,300",6,"80,906,805",24
180,2,15,20,21,29,34,22,"5,763,371,550",2,"54,889,253",35
179,5,9,17,25,39,43,32,"1,081,093,920",10,"33,996,665",53
178,1,5,11,12,18,23,9,"2,254,621,080",5,"42,701,157",44
177,1,10,13,16,37,43,6,"1,693,285,500",7,"65,849,992",30
176,4,17,30,32,33,34,15,"2,314,663,080",5,"48,222,148",40
175,19,26,28,31,33,36,17,"2,371,132,620",5,"41,165,497",48
174,13,14,18,22,35,39,16,"1,771,103,058",7,"79,472,574",26
173,3,9,24,30,33,34,18,"1,487,736,788",8,"31,486,493",63
172,4,19,21,24,26,41,35,"1,081,154,073",11,"104,321,885",19
171,4,16,25,29,34,35,1,"1,961,339,700",6,"103,228,406",19
170,2,11,13,15,31,42,10,"1,923,108,250",6,"71,226,232",27
169,16,27,35,37,43,45,19,"2,482,888,380",5,"66,744,312",31
168,3,10,31,40,42,43,30,"2,349,946,920",5,"36,264,613",54
167,24,27,28,30,36,39,4,"2,491,222,920",5,"57,667,198",36
166,9,12,27,36,39,45,14,"1,111,299,982",11,"72,763,690",28
165,5,13,18,19,22,42,31,"6,767,426,700",2,"56,395,223",40
164,6,9,10,11,39,41,27,"4,054,937,900",3,"51,986,384",39
163,7,11,26,28,29,44,16,"1,629,726,515",7,"40,454,205",47
162,1,5,21,25,38,41,24,"2,308,265,760",5,"58,289,540",33
161,22,34,36,40,42,45,44,"1,996,876,272",7,"33,275,487",63
160,3,7,8,34,39,41,1,"5,490,805,350",2,"57,195,890",32
159,1,18,30,41,42,43,32,"1,755,407,300",6,"73,141,971",24
158,4,9,13,18,21,34,7,"1,069,544,340",10,"39,612,754",45
157,19,26,30,33,35,39,37,"5,484,903,750",2,"65,296,474",28
156,5,18,28,30,42,45,2,"1,401,099,900",8,"62,271,107",30
155,16,19,20,32,33,41,4,"1,193,005,734",9,"48,365,098",37
154,6,19,21,35,40,45,20,"2,836,628,700",4,"59,096,432",32
153,3,8,11,12,13,36,33,"2,730,526,125",4,"35,006,746",52
152,1,5,13,26,29,34,43,"2,278,131,840",5,"63,281,440",30
151,1,2,10,13,18,19,15,"2,716,634,025",4,"40,246,430",45
150,2,18,25,28,37,39,16,"2,831,645,850",4,"41,038,346",46
149,2,11,21,34,41,42,27,"1,639,052,143",7,"44,470,407",43
148,21,25,33,34,35,36,17,"2,323,596,420",5,"55,323,725",35
147,4,6,13,21,40,42,36,"1,700,040,215",7,"56,668,008",35
146,2,19,27,35,41,42,25,"6,043,415,250",2,"59,249,170",34
145,2,3,13,20,27,44,9,"3,797,838,200",3,"49,971,556",38
144,4,15,17,26,36,37,43,"1,402,440,413",8,"49,208,436",38
143,26,27,28,42,43,45,8,"3,954,584,700",3,"56,494,068",35
142,12,16,30,34,40,44,19,"1,018,265,564",11,"66,672,150",28
141,8,12,29,31,42,43,2,"1,900,552,400",6,"65,536,290",29
140,3,13,17,18,19,28,8,"2,109,462,840",5,"51,702,521",34
139,9,11,15,20,28,43,13,"1,650,210,215",7,"68,758,759",28
138,10,11,27,28,37,39,19,"2,227,152,000",5,"57,998,750",32
137,7,9,20,25,36,39,15,"1,270,403,467",9,"47,640,130",40
136,2,16,30,36,41,42,11,"1,997,694,150",6,"76,834,391",26
135,6,14,22,28,35,39,16,"1,717,293,515",7,"71,553,897",28
134,3,12,20,23,31,35,43,"2,349,155,100",5,"39,152,585",50
133,4,7,15,18,23,26,13,"1,450,242,600",8,"37,914,840",51
132,3,17,23,34,41,45,43,"2,920,473,525",4,"57,264,187",34
131,8,10,11,14,15,21,37,"1,451,214,488",8,"58,634,929",33
130,7,19,24,27,42,45,31,"3,036,496,650",4,"67,477,704",30
129,19,23,25,28,38,42,17,"1,093,629,655",11,"40,099,754",50
128,12,30,34,36,37,45,39,"2,064,043,100",6,"89,741,005",23
127,3,5,10,29,32,43,35,"1,965,939,150",6,"45,719,516",43
126,7,20,22,27,40,43,1,"1,369,301,500",9,"58,684,350",35
125,2,8,32,33,35,36,18,"1,754,870,786",7,"56,870,813",36
124,4,16,23,25,29,42,1,"1,395,936,267",9,"56,592,011",37
123,7,17,18,28,30,45,27,"2,532,982,680",5,"55,547,866",38
122,1,11,16,17,36,40,8,"1,450,073,800",9,"57,239,756",38
121,12,28,30,34,38,43,9,"6,839,648,100",2,"73,544,604",31
120,4,6,10,11,32,37,30,"4,364,530,300",3,"70,395,650",31
119,3,11,13,14,17,21,38,"1,474,899,400",9,"45,149,982",49
118,3,4,10,17,19,22,38,"1,297,989,720",10,"52,763,810",41
117,5,10,22,34,36,44,35,"1,558,378,334",9,"46,751,350",50
116,2,4,25,31,34,37,17,"1,997,747,315",7,"41,619,736",56
115,1,2,6,9,25,28,31,"1,488,589,567",9,"65,673,070",34
114,11,14,19,26,28,41,2,"2,362,345,050",6,"57,618,172",41
113,4,9,28,33,36,45,26,"1,561,528,934",9,"54,471,940",43
112,26,29,30,33,41,42,43,"1,567,271,167",9,"73,465,836",32
111,7,18,31,33,36,40,27,"2,199,047,450",6,"43,118,578",51
110,7,20,22,23,29,43,1,"4,566,262,000",3,"60,082,395",38
109,1,5,34,36,42,44,33,"1,246,838,200",12,"80,441,175",31
108,7,18,22,23,29,44,12,"1,998,900,772",7,"56,879,291",41
107,1,4,5,6,9,31,17,"6,679,927,800",2,"63,618,360",35
106,4,10,12,22,24,33,29,"810,461,157",16,"54,030,744",40
105,8,10,20,34,41,45,28,"3,416,781,450",4,"87,609,781",26
104,17,32,33,34,42,44,35,"6,610,743,750",2,"95,807,881",23
103,5,14,15,27,30,45,10,"1,691,589,563",8,"59,354,020",38
102,17,22,24,26,35,40,42,"1,457,153,067",9,"91,072,067",24
101,1,3,17,32,35,45,8,"2,707,297,500",5,"59,370,560",38
100,1,7,11,23,37,42,6,"3,315,315,525",4,"61,394,732",36
99,1,3,10,27,29,37,11,"2,169,219,050",6,"54,230,477",40
98,6,9,16,23,24,32,43,"3,177,972,300",4,"47,081,072",45
97,6,7,14,15,20,36,3,"1,496,214,000",9,"48,789,587",46
96,1,3,8,21,22,31,20,"1,847,133,515",7,"56,710,240",38
95,8,17,27,31,34,43,14,"1,747,741,238",8,"48,548,368",48
94,5,32,34,40,41,45,6,"2,245,339,950",6,"59,087,894",38
93,6,22,24,36,38,44,19,"2,269,178,150",6,"87,276,083",26
92,3,14,24,33,35,36,17,"1,233,270,846",11,"45,219,931",50
91,1,21,24,26,29,42,27,"3,582,902,400",4,"74,643,800",32
90,17,20,29,35,38,44,10,"3,291,435,300",4,"64,537,948",34
89,4,26,28,29,33,40,37,"4,248,321,900",3,"70,805,365",30
88,1,17,20,24,30,41,27,"3,069,709,650",4,"66,015,262",31
87,4,12,16,23,34,43,26,"1,799,358,055",11,"99,964,337",33
86,2,12,37,39,41,45,33,"14,252,186,400",1,"148,460,275",16
85,6,8,13,23,31,36,21,"3,462,109,800",4,"74,453,975",31
84,16,23,27,34,42,45,11,"7,669,779,000",2,"150,387,824",17
83,6,10,15,17,19,34,14,"7,086,948,300",2,"157,487,740",15
82,1,2,3,14,27,42,39,"14,562,494,400",1,"121,354,120",20
81,5,7,11,13,20,33,6,"2,714,288,880",5,"113,095,370",20
80,17,18,24,25,26,30,1,"13,809,540,000",1,"143,849,375",16
79,3,12,24,27,30,32,14,"3,416,443,800",4,"73,471,910",31
78,10,13,25,29,33,35,38,"3,519,850,000",4,"106,662,100",22
77,2,18,29,32,43,44,37,"5,155,758,600",3,"135,677,800",19
76,1,3,15,22,25,37,43,"7,451,022,600",2,"146,098,400",17
75,2,5,24,32,34,44,28,"3,914,616,900",4,"137,354,900",19
74,6,15,17,18,35,40,23,"5,284,949,800",3,"66,061,800",40
73,3,12,18,32,40,43,38,"2,766,662,100",6,"106,410,000",26
72,2,4,11,17,26,27,1,"3,260,524,600",13,"104,081,800",44
71,5,9,12,16,29,41,21,0,0,"88,745,200",28
70,5,19,22,25,28,43,26,"5,031,277,800",3,"179,688,400",14
69,5,8,14,15,19,39,35,"4,962,712,200",3,"124,067,800",20
68,10,12,15,16,26,39,38,"2,945,882,100",5,"122,745,000",20
67,3,7,10,15,36,38,33,"2,114,436,500",7,"39,787,700",62
66,2,3,7,17,22,24,45,"3,685,138,200",4,"129,303,000",19
65,4,25,33,36,40,43,39,"3,727,945,800",4,"92,048,000",27
64,14,15,18,21,26,36,39,"3,899,818,000",4,"236,352,600",11
63,3,20,23,36,38,40,5,"7,922,245,500",2,"101,567,200",26
62,3,8,15,27,29,35,21,"15,817,286,400",1,"119,827,900",22
61,14,15,19,30,38,43,8,"3,541,038,800",5,"268,260,500",11
60,2,8,25,36,39,42,11,"2,172,504,600",7,"93,873,600",27
59,6,29,36,39,41,45,13,"4,127,587,300",4,"119,640,200",23
58,10,24,25,33,40,44,1,"3,676,429,200",4,"62,844,900",39
57,7,10,16,25,29,44,6,"4,114,411,900",4,"109,717,600",25
56,10,14,30,31,33,37,19,"3,777,570,900",4,"86,840,700",29
55,17,21,31,37,40,44,7,"7,088,799,600",2,"98,455,500",24
54,1,8,21,27,36,39,37,"5,148,626,600",3,"171,620,800",15
53,7,8,14,32,33,39,42,"5,014,371,000",3,"100,287,400",25
52,2,4,15,16,20,29,1,"3,900,844,900",4,"200,043,300",13
51,2,3,11,16,26,44,35,"2,421,117,000",6,"93,119,800",26
50,2,10,12,15,22,44,1,"5,227,061,400",3,"186,680,700",14
49,4,7,16,19,33,40,30,"1,967,504,600",7,"46,845,300",49
48,6,10,18,26,37,38,3,"2,415,673,600",6,"96,626,900",25
47,14,17,26,31,36,45,27,"3,250,042,400",5,"246,215,300",11
46,8,13,15,23,31,38,39,"5,327,758,800",3,"68,304,600",39
45,1,10,20,27,33,35,17,"8,356,417,800",2,"103,165,600",27
44,3,11,21,30,38,45,39,"3,362,155,800",5,"121,817,200",23
43,6,31,35,38,39,44,1,"17,749,630,800",1,"140,870,000",21
42,17,18,19,21,23,32,1,"6,899,280,100",6,"131,479,800",35
41,13,20,23,35,38,43,34,0,0,"109,404,000",21
40,7,13,18,19,25,26,6,"1,147,652,400",13,"56,513,100",44
39,6,7,13,15,21,43,8,"2,623,748,800",6,"104,949,900",25
38,16,17,22,30,37,43,36,"5,374,866,400",3,"149,301,800",18
37,7,27,30,33,35,37,42,"4,985,999,400",3,"124,649,900",20
36,1,10,23,26,28,40,31,"16,014,475,800",1,"140,477,800",19
35,2,3,11,26,37,43,39,"5,054,598,200",3,"105,304,100",24
34,9,26,35,37,40,42,2,"3,056,918,000",5,"56,609,500",45
33,4,7,32,33,40,41,9,"14,903,517,600",1,"60,583,400",41
32,6,14,19,25,34,44,11,"1,634,528,300",10,"55,596,200",49
31,7,9,18,23,28,35,32,"8,106,672,900",2,"93,180,100",29
30,8,17,20,35,36,44,4,"8,728,555,500",2,"132,250,800",22
29,1,5,13,34,39,40,11,"3,552,594,000",5,"174,146,700",17
28,9,18,23,25,35,37,1,"1,700,361,100",10,"128,815,200",22
27,1,20,26,28,37,43,27,"9,543,982,500",2,"198,832,900",16
26,4,5,7,18,20,25,31,"3,495,069,900",5,"74,680,900",39
25,2,4,21,26,43,44,16,"24,227,745,300",2,"175,267,400",28
24,7,8,27,29,36,43,6,0,0,"176,023,700",18
23,5,13,17,18,33,42,44,"4,317,947,700",4,"125,157,900",23
22,4,5,6,8,17,39,25,"4,552,194,900",4,"94,837,300",32
21,6,12,17,18,31,32,21,"797,475,400",23,"117,576,500",26
20,10,14,18,20,23,30,41,"19,352,212,800",1,"230,383,400",14
19,6,30,38,39,40,43,26,"40,722,959,400",1,"297,278,500",14
18,3,12,13,19,32,35,29,0,0,"175,017,300",15
17,3,4,9,17,32,37,1,"5,349,491,200",3,"297,193,900",9
16,6,7,24,37,38,40,33,"4,377,146,100",4,"243,174,700",12
15,3,4,16,30,31,37,13,"17,014,245,000",1,"177,231,700",16
14,2,6,12,31,33,40,15,"9,375,048,300",4,"130,363,400",28
13,22,23,25,37,38,42,26,0,0,"433,309,300",6
12,2,11,21,25,39,45,44,"1,348,845,700",12,"99,914,400",27
11,1,7,36,37,41,42,14,"4,780,152,300",5,"362,132,700",11
10,9,25,30,33,41,44,6,"6,430,437,900",13,"40,813,400",236
9,2,4,16,17,36,39,14,0,0,"769,456,500",4
8,8,19,25,34,37,39,9,0,0,"131,555,000",6
7,2,9,16,25,26,40,42,0,0,"48,165,000",9
6,14,15,26,27,40,42,34,"6,574,451,700",1,"196,297,600",3
5,16,24,29,40,41,42,3,0,0,0,0
4,14,27,30,31,40,42,2,0,0,"211,191,200",1
3,11,16,19,21,27,31,30,"2,000,000,000",1,0,0
2,9,13,21,25,32,42,2,"2,002,006,800",1,"94,866,800",2
1,10,23,29,33,37,40,16,0,0,"143,934,100",1
